AQSID,SiteName,Latitude,Longitude,CountyName,parameter name
10030010,FAIRHOPE,30.4889,-87.8706,BALDWIN,"['OZONE', 'PM2.5']"
10510004,Wetumpka Tech Park,32.535681,-86.255193,ELMORE,['OZONE']
10550010,GADSDEN,33.991341,-85.992653,ETOWAH,['PM2.5']
10550011,Southside,33.9,-86.05,ETOWAH,['OZONE']
10730023,NO. BHAM,33.5531,-86.815,JEFFERSON,"['PM10', 'OZONE', 'PM2.5']"
10731003,FAIRFIELD,33.4856,-86.915,JEFFERSON,['OZONE']
10731005,MCADORY,33.3311,-87.0036,JEFFERSON,"['OZONE', 'PM2.5']"
10731010,LEEDS,33.5453,-86.5492,JEFFERSON,"['PM10', 'OZONE', 'PM2.5']"
10732003,WYLAM,33.4997,-86.9242,JEFFERSON,"['PM10', 'PM2.5']"
10735003,CORNER,33.8017,-86.9425,JEFFERSON,"['OZONE', 'PM2.5']"
10736002,TARRANT,33.5783,-86.7739,JEFFERSON,['OZONE']
10736004,Shuttlesworth,33.565278,-86.796389,JEFFERSON,"['PM10', 'PM2.5']"
10890022,Huntsville Capshaw,34.7727,-86.7561,MADISON,['OZONE']
10970003,Chickasaw,30.7697,-88.0875,MOBILE,"['OZONE', 'PM2.5', 'SO2']"
10972005,BAYROAD,30.4744,-88.1411,MOBILE,['OZONE']
11011002,MONTG,32.412811,-86.263394,MONTGOMERY,"['OZONE', 'PM2.5']"
11030011,DECATUR,34.5286,-86.9706,MORGAN,"['OZONE', 'PM2.5']"
11170004,HELENA,33.3169,-86.825,SHELBY,['OZONE']
11179001,Montevallo,33.0928,-86.8072,SHELBY,['SO2']
11190003,Ward,32.36253,-88.27792,SUMTER,"['OZONE', 'PM2.5', 'SO2']"
20200018,Garden,61.205861,-149.8246,ANCHORAGE,"['PM10', 'CO', 'PM2.5']"
20200045,Laurel,61.181117,-149.834,ANCHORAGE,['PM10']
20680003,Denali NPP,63.723301,-148.967499,YUKON-KOYUKUK,['OZONE']
20900034,NCore,64.8458,-147.72727,FAIRBANKS NORTH STAR,"['CO', 'PM2.5', 'PM10', 'SO2', 'OZONE']"
20900035,Hurst Road,64.762973,-147.310297,FAIRBANKS NORTH STAR,['PM2.5']
20900040,A Street,64.845931,-147.693278,FAIRBANKS NORTH STAR,['PM2.5']
21100004,Floyd Dryden,58.388889,-134.565556,JUNEAU,"['PM10', 'PM2.5']"
21851111,BLM-Kaktovik,70.1319,-143.6239,NORTH SLOPE,"['NO2', 'CO', 'PM2.5', 'PM10', 'SO2', 'OZONE']"
40031005,Douglas Red Cross,31.3492,-109.539683,COCHISE,['PM10']
40038001,Chiricahua NM,32.009201,-109.389198,COCHISE,['OZONE']
40058001,Grand Canyon NP,36.055,-112.1531,COCONINO,['OZONE']
40070008,Payson Well Site,34.22934,-111.3297,GILA,['PM10']
40070011,Miami Jones Ranch,33.3855,-110.867267,GILA,['SO2']
40070012,Miami Town Site,33.397433,-110.87445,GILA,['SO2']
40071001,Hayden,33.006268,-110.786484,GILA,"['PM10', 'SO2']"
40071002,Hayden Globe Highway,33.002517,-110.765467,GILA,
40078000,Miami Golf Course,33.419017,-110.829667,GILA,['PM10']
40128000,Alamo Lake,34.243889,-113.558611,LA PAZ,"['PM10', 'OZONE', 'PM2.5']"
40130019,West Phoenix,33.483799,-112.142601,MARICOPA,"['NO2', 'CO', 'PM2.5', 'PM10', 'OZONE']"
40131004,North Phoenix,33.560299,-112.066299,MARICOPA,"['PM10', 'OZONE', 'PM2.5']"
40131030,Ft McD Yuma Frank-AZ,33.6292,-111.676903,MARICOPA,['PM10']
40133002,Central Phoenix,33.4579,-112.046,MARICOPA,"['NO2', 'CO', 'PM10', 'SO2', 'OZONE']"
40133003,South Scottsdale,33.4797,-111.9172,MARICOPA,"['PM10', 'OZONE']"
40134003,South Phoenix,33.4033,-112.0731,MARICOPA,"['PM10', 'OZONE', 'CO', 'PM2.5']"
40134005,Tempe,33.4124,-111.9347,MARICOPA,"['PM10', 'OZONE', 'PM2.5']"
40134006,Higley,33.309944,-111.720029,MARICOPA,['PM10']
40134008,Cave Creek,33.8217,-112.0174,MARICOPA,['OZONE']
40134009,West 43rd,33.406399,-112.144302,MARICOPA,['PM10']
40134010,Dysart,33.6369,-112.3394,MARICOPA,"['PM10', 'OZONE']"
40134011,Buckeye,33.37,-112.6207,MARICOPA,"['PM10', 'CO', 'NO2', 'OZONE']"
40134016,Zuni Hills,33.686741,-112.294167,MARICOPA,['PM10']
40134020,Thirty Third,33.461807,-112.128044,MARICOPA,['NO2']
40134021,Eastwood,33.41046,-112.002642,MARICOPA,"['CO', 'NO2', 'OZONE', 'PM2.5']"
40137020,Senior Center,33.4883,-111.855003,MARICOPA,"['PM10', 'OZONE']"
40137021,Red Mountain,33.5079,-111.754601,MARICOPA,['OZONE']
40137022,LEHI,33.474499,-111.805099,MARICOPA,"['PM10', 'OZONE']"
40137024,High School,33.507999,-111.837799,MARICOPA,"['PM10', 'OZONE']"
40139704,Fountain Hills,33.611,-111.7253,MARICOPA,['OZONE']
40139812,Durango Complex,33.4265,-112.1181,MARICOPA,"['PM10', 'PM2.5', 'SO2']"
40151003,Bullhead City,35.166111,-114.566111,MOHAVE,['PM10']
40170119,Petrified Forest NP,34.822498,-109.891899,NAVAJO,['OZONE']
40190001,Ajo,32.382034,-112.857452,PIMA,['PM10']
40190008,Corona de Tucson,32.004567,-110.792504,PIMA,['PM10']
40190011,Orange Grove,32.322573,-111.037709,PIMA,"['PM10', 'PM2.5']"
40190020,Rillito,32.414342,-111.154544,PIMA,['PM10']
40190021,Saguaro Monument,32.1764,-110.7378,PIMA,['OZONE']
40191001,South Tucson,32.202148,-110.967915,PIMA,['PM10']
40191020,Fairgrounds,32.0475,-110.7739,PIMA,['OZONE']
40191028,Children's Park Site,32.2953,-110.9822,PIMA,"['OZONE', 'PM2.5']"
40191030,Green Valley,31.8794,-110.9964,PIMA,"['PM10', 'OZONE', 'PM2.5']"
40191032,Rose Elementary,32.1731,-110.9797,PIMA,"['OZONE', 'PM2.5']"
40191034,Coachline,32.3806,-111.1272,PIMA,"['OZONE', 'PM2.5']"
40191113,Geronimo,32.25,-110.9667,PIMA,"['PM10', 'PM2.5']"
40210001,Casa Grande Downtown,32.877583,-111.752222,PINAL,"['PM10', 'PM2.5']"
40213001,AJ Maintenance Yard,33.421406,-111.543596,PINAL,['OZONE']
40213002,Apache Junction,33.42,-111.5042,PINAL,"['PM10', 'PM2.5']"
40213003,C GRANDE,32.9544,-111.7622,PINAL,['OZONE']
40213007,Pinal Air Park,32.508308,-111.30806,PINAL,"['PM10', 'OZONE']"
40213008,Stanfield,32.881195,-111.961998,PINAL,['PM10']
40213009,COMBS,33.2192,-111.5608,PINAL,['PM10']
40213011,Pinal County Housing,32.891056,-111.570503,PINAL,['PM10']
40213014,Eloy,32.757639,-111.554861,PINAL,['PM10']
40213015,Hidden Valley,32.884761,-112.03705,PINAL,"['PM10', 'PM2.5']"
40213016,Maricopa,33.06115,-112.05204,PINAL,['PM10']
40218001,Queen Valley,33.289398,-111.292801,PINAL,['OZONE']
40230004,Nogales Post Office,31.337204,-110.936722,SANTA CRUZ,"['PM10', 'PM2.5']"
40278011,Yuma Supersite,32.690277,-114.614441,YUMA,"['PM10', 'OZONE', 'PM2.5']"
50199991,Caddo Valley,34.1795,-93.0988,CLARK,['OZONE']
50350005,MARION,35.1967,-90.1911,CRITTENDEN,"['OZONE', 'PM2.5']"
51010002,DEER,35.8325,-93.2192,NEWTON,['OZONE']
51130003,EAGLEMT,34.4544,-94.1433,POLK,['OZONE']
51190007,PARR,34.7561,-92.2758,PULASKI,"['OZONE', 'PM2.5']"
51191002,NLRAP,34.8306,-92.2594,PULASKI,['OZONE']
51191008,ADEQ-DSR,34.6811,-92.3283,PULASKI,['PM2.5']
51430005,SPRNGDLE,36.1797,-94.1167,WASHINGTON,"['OZONE', 'PM2.5']"
51430006,Fayetteville,36.011703,-94.167436,WASHINGTON,['OZONE']
60010007,Livermore - Rincon,37.687526,-121.784217,ALAMEDA,"['NO2', 'OZONE', 'PM2.5']"
60010009,Oakland,37.743061,-122.169907,ALAMEDA,"['CO', 'NO2', 'OZONE', 'PM2.5']"
60010011,Oakland West,37.8148,-122.282402,ALAMEDA,"['NO2', 'CO', 'PM2.5', 'SO2', 'OZONE']"
60010012,Laney College,37.793624,-122.263376,ALAMEDA,"['NO2', 'CO', 'PM2.5']"
60050002,Jackson - Clinton,38.342606,-120.764426,AMADOR,['OZONE']
60051033,Kirkwood,38.690757,-120.072682,AMADOR,
60070007,Paradise - Airport,39.708454,-121.617309,BUTTE,['OZONE']
60070008,Chico -  East,39.76168,-121.84047,BUTTE,"['NO2', 'CO', 'PM2.5', 'PM10', 'OZONE']"
60072002,Paradise Theater,39.77919,-121.59135,BUTTE,['PM2.5']
60074001,Gridley,39.32756,-121.66881,BUTTE,['PM2.5']
60090001,San Andreas,38.20185,-120.680277,CALAVERAS,"['PM10', 'OZONE', 'PM2.5']"
60130002,Concord,37.9383,-122.025,CONTRA COSTA,"['NO2', 'CO', 'PM2.5', 'SO2', 'OZONE']"
60130006,Richmond - 7th St,37.9478,-122.3636,CONTRA COSTA,['SO2']
60131002,Bethel Island,38.006311,-121.641918,CONTRA COSTA,"['CO', 'NO2', 'OZONE', 'SO2']"
60131004,San Pablo - Rumrill,37.9604,-122.3571,CONTRA COSTA,"['NO2', 'CO', 'PM2.5', 'SO2', 'OZONE']"
60132007,San Ramon,37.743649,-121.934188,CONTRA COSTA,"['NO2', 'OZONE']"
60150007,Crescent City,41.75613,-124.20347,DEL NORTE,['PM2.5']
60170020,Cool (Seasonal),38.89094,-121.00337,EL DORADO,['OZONE']
60190011,Fresno - Garland,36.78538,-119.77321,FRESNO,"['NO2', 'CO', 'PM2.5', 'PM10', 'SO2', 'OZONE']"
60192008,Huron,36.1994,-120.0991,FRESNO,['PM2.5']
60192009,Tranquillity,36.6324,-120.3822,FRESNO,"['OZONE', 'PM2.5']"
60192016,Fresno-Foundry Park,36.71088,-119.77743,FRESNO,"['NO2', 'PM2.5']"
60193002,Parlier,36.6103,-119.5375,FRESNO,"['NO2', 'OZONE']"
60195025,Fresno-Pacific,36.72622,-119.73249,FRESNO,['PM2.5']
60199999,Pinehurst,36.6972,-119.0189,FRESNO,"['PM10', 'OZONE', 'PM2.5']"
60210003,Willows-Colusa,39.53387,-122.190834,GLENN,"['PM10', 'OZONE', 'PM2.5']"
60231004,Jacobs,40.776943,-124.177498,HUMBOLDT,['PM10']
60270002,NCORE - Bishop,37.360701,-118.330835,INYO,"['CO', 'PM2.5', 'PM10', 'SO2', 'OZONE']"
60270004,Lone Pine,36.609,-118.0578,INYO,['PM10']
60270021,Olancha,36.2676,-117.993,INYO,['PM10']
60270022,Dirty Socks,36.3261,-117.9551,INYO,['PM10']
60270025,Shell Cut,36.3663,-117.8976,INYO,['PM10']
60270026,Bill Stanley,36.3619,-118.0108,INYO,['PM10']
60270028,Lizard Tail,36.5432,-117.9418,INYO,['PM10']
60270029,North Beach,36.542233,-117.990055,INYO,['PM10']
60270030,Mill Site,36.4581,-117.8519,INYO,['PM10']
60270101,Death Valley NP,36.5092,-116.8481,INYO,['OZONE']
60271001,Coso Junction,36.0494,-117.9439,INYO,['PM10']
60271003,Keeler,36.4878,-117.871,INYO,"['PM10', 'PM2.5']"
60290007,Edison,35.345607,-118.851825,KERN,"['NO2', 'OZONE']"
60290020,Mojave - Pat Ave,35.04944,-118.18893,KERN,"['PM10', 'OZONE', 'PM2.5']"
60292009,Lebec,34.8416,-118.8647,KERN,['PM2.5']
60292012,Bakersfield-Muni,35.3313,-119,KERN,"['CO', 'NO2', 'OZONE']"
60292019,Bakersfield-Westwind,35.377,-119.044028,KERN,['NO2']
60310004,Corcoran,36.102219,-119.566002,KINGS,"['PM10', 'PM2.5']"
60370016,Glendora - Laurel,34.1439,-117.8508,LOS ANGELES,"['NO2', 'CO', 'PM2.5', 'PM10', 'OZONE']"
60371201,Reseda,34.1992,-118.5331,LOS ANGELES,"['CO', 'NO2', 'OZONE', 'PM2.5']"
60371302,Compton,33.9014,-118.205,LOS ANGELES,"['CO', 'NO2', 'OZONE', 'PM2.5']"
60371601,Pico Rivera,34.0131,-118.059196,LOS ANGELES,"['CO', 'NO2', 'OZONE']"
60371701,Pomona,34.0667,-117.7506,LOS ANGELES,"['CO', 'NO2', 'OZONE']"
60372005,Pasadena,34.13263,-118.127142,LOS ANGELES,"['CO', 'NO2', 'OZONE']"
60374008,710 Near Road,33.859662,-118.200707,LOS ANGELES,['NO2']
60374010,North Holywood,34.181977,-118.363036,LOS ANGELES,"['NO2', 'OZONE', 'PM2.5']"
60376012,Santa Clarita,34.3833,-118.5283,LOS ANGELES,"['CO', 'NO2', 'OZONE', 'PM2.5']"
60390004,Madera - Pump Yard,36.8669,-120.01,MADERA,['OZONE']
60392010,Madera-City,36.9533,-120.0341,MADERA,"['PM10', 'OZONE', 'PM2.5']"
60410001,San Rafael,37.9722,-122.5189,MARIN,"['CO', 'NO2', 'OZONE', 'PM2.5']"
60450006,Ukiah Library,39.150478,-123.206528,MENDOCINO,['PM2.5']
60452003,Willits Blosser Lane,39.39861,-123.35872,MENDOCINO,['PM2.5']
60472510,Merced-M St,37.30833,-120.480361,MERCED,"['PM10', 'PM2.5']"
60510001,Mammoth Lakes,37.645718,-118.966515,MONO,['PM10']
60510005,Lee Vining,37.962069,-119.120278,MONO,"['PM10', 'PM2.5']"
60530002,Carmel Valley AMS,36.48187,-121.73333,MONTEREY,"['OZONE', 'PM2.5']"
60530008,King City AMS,36.209286,-121.126371,MONTEREY,"['PM10', 'OZONE', 'PM2.5']"
60531003,Salinas AMS,36.694261,-121.623271,MONTEREY,"['CO', 'NO2', 'OZONE', 'PM2.5']"
60539975,Greenfield,36.326972,-121.245819,MONTEREY,"['OZONE', 'PM2.5']"
60570005,Grass Valley,39.234402,-121.055603,NEVADA,"['OZONE', 'PM2.5']"
60571001,Truckee BAM,39.3386,-120.170303,NEVADA,['PM2.5']
60590007,Anaheim,33.830586,-117.938509,ORANGE,"['NO2', 'CO', 'PM2.5', 'PM10', 'OZONE']"
60590008,Anaheim Near Road,33.819305,-117.918759,ORANGE,"['NO2', 'CO']"
60595001,La Habra,33.925062,-117.952586,ORANGE,"['CO', 'NO2', 'OZONE']"
60610002,Auburn,38.937801,-121.103897,PLACER,"['OZONE', 'PM2.5']"
60610004,Colfax,39.1003,-120.9528,PLACER,"['OZONE', 'PM2.5']"
60611004,Tahoe City,39.166,-120.1488,PLACER,"['OZONE', 'PM2.5']"
60612001,Lincoln,38.89,-121.3,PLACER,"['OZONE', 'PM2.5']"
60631006,Quincy,39.9395,-120.9443,PLUMAS,['PM2.5']
60631007,Chester BAM,40.301899,-121.235001,PLUMAS,['PM2.5']
60631009,Portola,39.808334,-120.471664,PLUMAS,['PM2.5']
60650009,Pechanga Reservation,33.447867,-117.088649,RIVERSIDE,['OZONE']
60652005,Saul Martinez,33.572019,-116.063823,RIVERSIDE,['PM10']
60658001,Riverside - Rubidoux,33.999449,-117.415831,RIVERSIDE,"['NO2', 'CO', 'PM2.5', 'PM10', 'SO2', 'OZONE']"
60659003,Blythe,33.61235,-114.60209,RIVERSIDE,['OZONE']
60670011,Elk Grove,38.302591,-121.420838,SACRAMENTO,"['NO2', 'OZONE', 'PM2.5']"
60670012,Folsom,38.683304,-121.164457,SACRAMENTO,"['NO2', 'OZONE', 'PM2.5']"
60670015,Bercut Dr,38.593328,-121.503728,SACRAMENTO,"['NO2', 'CO', 'PM2.5']"
60675003,Sloughhouse,38.494475,-121.211131,SACRAMENTO,"['OZONE', 'PM2.5']"
60690002,Hollister AMS,36.843425,-121.3621,SAN BENITO,"['PM10', 'OZONE', 'PM2.5']"
60690003,Pinnacles NM,36.485001,-121.155602,SAN BENITO,['OZONE']
60710001,Barstow,34.894054,-117.024756,SAN BERNARDINO,"['PM10', 'OZONE']"
60710013,Lucerne Valley,34.4101,-116.906874,SAN BERNARDINO,['PM10']
60710026,Ontario Near Road,34.068114,-117.525796,SAN BERNARDINO,"['NO2', 'CO']"
60710027,60 Near Road,34.0309,-117.617403,SAN BERNARDINO,['NO2']
60711004,Upland,34.10366,-117.629096,SAN BERNARDINO,"['NO2', 'CO', 'PM2.5', 'PM10', 'OZONE']"
60714003,Redlands - Dearborn,34.059626,-117.147347,SAN BERNARDINO,['OZONE']
60718001,Big Bear,34.264706,-116.861653,SAN BERNARDINO,['PM2.5']
60730001,Chula Vista,32.631229,-117.059074,SAN DIEGO,['OZONE']
60731006,Alpine,32.842297,-116.768326,SAN DIEGO,"['PM10', 'OZONE', 'PM2.5']"
60731008,Camp Pendleton,33.217026,-117.396156,SAN DIEGO,"['PM10', 'OZONE', 'PM2.5']"
60731014,Otay Mesa - Donovan,32.579361,-116.929486,SAN DIEGO,"['PM10', 'OZONE', 'PM2.5']"
60750005,San Francisco,37.7658,-122.3978,SAN FRANCISCO,"['CO', 'NO2', 'OZONE', 'PM2.5']"
60772010,Manteca,37.8027,-121.2208,SAN JOAQUIN,"['PM10', 'PM2.5']"
60773005,TracyAP,37.6825,-121.4406,SAN JOAQUIN,"['PM10', 'NO2', 'OZONE', 'PM2.5']"
60792004,Mesa 2 /Nipomo,35.02079,-120.56389,SAN LUIS OBISPO,"['PM10', 'PM2.5', 'SO2']"
60792007,Nipomo Mesa CDF,35.04676,-120.58777,SAN LUIS OBISPO,"['PM10', 'PM2.5']"
60792020,SLO Roberto,35.259473,-120.644493,SAN LUIS OBISPO,"['PM10', 'PM2.5']"
60793001,Morro Bay,35.36639,-120.8426,SAN LUIS OBISPO,['OZONE']
60794002,Nipomo RP,35.0315,-120.50101,SAN LUIS OBISPO,"['PM10', 'NO2', 'OZONE']"
60798002,Atascadero2,35.494556,-120.666203,SAN LUIS OBISPO,"['PM10', 'NO2', 'OZONE', 'PM2.5']"
60798005,Redhills/Shandon,35.64366,-120.23134,SAN LUIS OBISPO,['OZONE']
60798006,Carrizo,35.35474,-120.04013,SAN LUIS OBISPO,['OZONE']
60799001,Oso Flaco,35.009375,-120.601687,SAN LUIS OBISPO,['PM10']
60811001,Redwood City,37.4828,-122.2022,SAN MATEO,"['CO', 'NO2', 'OZONE', 'PM2.5']"
60830011,Santa Barbara,34.42775,-119.69091,SANTA BARBARA,"['PM10', 'OZONE', 'PM2.5']"
60831009,Santa Maria,34.890667,-120.432844,SANTA BARBARA,"['PM10', 'OZONE', 'PM2.5']"
60831013,Lompoc HS&P,34.7256,-120.4278,SANTA BARBARA,['OZONE']
60831014,Paradise Road,34.5414,-119.7906,SANTA BARBARA,['OZONE']
60831021,Carpinteria,34.402802,-119.457497,SANTA BARBARA,['OZONE']
60831025,Las Flores Canyon,34.4897,-120.0458,SANTA BARBARA,"['PM10', 'OZONE']"
60832004,Lompoc H Street,34.637798,-120.456703,SANTA BARBARA,"['PM10', 'OZONE', 'PM2.5']"
60832011,Goleta,34.445301,-119.827797,SANTA BARBARA,"['PM10', 'OZONE', 'PM2.5']"
60833001,Santa Ynez,34.605819,-120.07506,SANTA BARBARA,"['OZONE', 'PM2.5']"
60850002,Gilory - 9th Street,36.999571,-121.574684,SANTA CLARA,"['OZONE', 'PM2.5']"
60850006,San Jose - Knox Ave,37.338202,-121.849892,SANTA CLARA,"['NO2', 'CO', 'PM2.5']"
60851001,Los Gatos,37.2267,-121.9786,SANTA CLARA,['OZONE']
60852006,San Martin,37.0792,-121.5994,SANTA CLARA,['OZONE']
60870007,Santa Cruz AMS,36.98332,-121.98822,SANTA CRUZ,"['OZONE', 'PM2.5']"
60890004,Redding,40.5497,-122.3792,SHASTA,"['OZONE', 'PM2.5']"
60890007,Anderson,40.4531,-122.2978,SHASTA,"['OZONE', 'PM2.5']"
60890009,Shasta Lake City,40.6894,-122.4024,SHASTA,['OZONE']
60893003,Lassen Volcanic NP,40.5403,-121.5764,SHASTA,['OZONE']
60932001,Yreka,41.72679,-122.63359,SISKIYOU,"['OZONE', 'PM2.5']"
60950004,Vallejo,38.102507,-122.237976,SOLANO,"['NO2', 'CO', 'PM2.5', 'SO2', 'OZONE']"
60950005,Fairfield,38.227066,-122.075624,SOLANO,['OZONE']
60953002,Vacaville,38.356556,-121.949853,SOLANO,"['OZONE', 'PM2.5']"
60956001,Rio Vista,38.18839,-121.70564,SOLANO,['PM2.5']
60970004,Sebastopol,38.403765,-122.818294,SONOMA,"['CO', 'NO2', 'OZONE', 'PM2.5']"
61010003,Yuba City,39.13868,-121.61884,SUTTER,"['PM10', 'NO2', 'OZONE', 'PM2.5']"
61050002,Weaverville,40.734722,-122.941109,TRINITY,['PM2.5']
61072010,Porterville-NFS,36.0319,-119.055,TULARE,"['OZONE', 'PM2.5']"
61079998,Springville,36.1358,-118.8108,TULARE,"['OZONE', 'PM2.5']"
61110008,SIMIUA,34.2914,-118.7975,VENTURA,
61110009,Piru - Pacific,34.40428,-118.80998,VENTURA,"['OZONE', 'PM2.5']"
61111004,Ojai - Ojai Ave.,34.44806,-119.2313,VENTURA,"['OZONE', 'PM2.5']"
61130004,Davis - UCD Campus,38.53455,-121.7734,YOLO,"['NO2', 'OZONE', 'PM2.5']"
61131003,Woodland,38.661239,-121.732683,YOLO,"['OZONE', 'PM2.5']"
80010010,Adams-Birch,39.8281,-104.93645,ADAMS,"['PM10', 'PM2.5']"
80050006,Aurora East,39.638542,-104.569061,ARAPAHOE,['OZONE']
80077004,7004,37.205862,-107.254118,ARCHULETA,"['NO2', 'OZONE', 'SO2']"
80130003,Longmont,40.164585,-105.100861,BOULDER,['PM2.5']
80130014,Boulder Reservoir,40.070007,-105.220232,BOULDER,['OZONE']
80310027,I25 Denver,39.732144,-105.015313,DENVER,"['NO2', 'CO', 'PM2.5']"
80310028,Globeville,39.785622,-104.988469,DENVER,"['NO2', 'PM2.5']"
80410016,Manitou Springs,38.853097,-104.901286,EL PASO,['OZONE']
80410017,Colorado College,38.848,-104.8286,EL PASO,['PM2.5']
80450007,Rifle Particulate,39.531799,-107.782303,GARFIELD,['PM2.5']
80450012,Rifle Ozone,39.541801,-107.784103,GARFIELD,['OZONE']
80470003,Black Hawk,39.792512,-105.491309,GILPIN,"['PM10', 'OZONE']"
80519991,Gothic,38.9564,-106.9858,GUNNISON,['OZONE']
80590014,Evergreen,39.620408,-105.33872,JEFFERSON,['OZONE']
80677001,Ute 1,37.13678,-107.62863,LA PLATA,"['NO2', 'CO', 'PM2.5', 'PM10', 'OZONE']"
80677003,Ute 3,37.10258,-107.870219,LA PLATA,"['PM10', 'NO2', 'OZONE', 'PM2.5']"
80690007,Rocky Mountain NP,40.2778,-105.5453,LARIMER,['OZONE']
80770020,Palisade Ozone,39.1306,-108.3139,MESA,['OZONE']
80830006,Cortez Ozone,37.34997,-108.58737,MONTEZUMA,['OZONE']
80830101,Mesa Verde NP,37.1983,-108.4903,MONTEZUMA,['OZONE']
80970007,Aspen Pumphouse,39.196271,-106.8364,PITKIN,['OZONE']
81030006,"Rangely, CO",40.086941,-108.761002,RIO BLANCO,"['NO2', 'OZONE', 'PM2.5']"
81230006,Greeley Hospital,40.4147,-104.7061,WELD,['PM2.5']
90010010,Bridgeport,41.171398,-73.195297,FAIRFIELD,"['PM10', 'PM2.5', 'SO2']"
90010017,Greenwich,41.0036,-73.5853,FAIRFIELD,['OZONE']
90011123,Danbury,41.4014,-73.4447,FAIRFIELD,"['PM10', 'OZONE', 'PM2.5']"
90013007,Stratford,41.1519,-73.1036,FAIRFIELD,['OZONE']
90019003,Westport,41.1189,-73.3369,FAIRFIELD,"['NO2', 'OZONE']"
90030025,Hartford,41.771444,-72.679923,HARTFORD,"['PM10', 'NO2', 'CO', 'PM2.5']"
90031003,East Hartford,41.7847,-72.6297,HARTFORD,"['PM10', 'NO2', 'OZONE', 'PM2.5']"
90050005,Cornwall,41.833099,-73.303299,LITCHFIELD,"['CO', 'PM2.5', 'PM10', 'SO2', 'OZONE']"
90079007,Middletown,41.55,-72.626,MIDDLESEX,['OZONE']
90090027,New Haven,41.301288,-72.902685,NEW HAVEN,"['NO2', 'CO', 'PM2.5', 'PM10', 'SO2', 'OZONE']"
90092123,Waterbury,41.5503,-73.0442,NEW HAVEN,"['PM10', 'PM2.5']"
90099002,Madison,41.256902,-72.55322,NEW HAVEN,['OZONE']
90110124,Groton,41.3536,-72.0789,NEW LONDON,"['PM10', 'OZONE', 'PM2.5']"
90131001,Stafford,41.9756,-72.3867,TOLLAND,['OZONE']
90159991,Abington,41.8402,-72.01,WINDHAM,['OZONE']
100010002,KILLENS,38.986672,-75.5568,KENT,"['OZONE', 'PM2.5']"
100010003,Dover,39.155,-75.518056,KENT,['PM2.5']
100031007,LUMS 2,39.5513,-75.732,NEW CASTLE,"['OZONE', 'PM2.5', 'SO2']"
100031008,Rte 9 Del. City,39.57768,-75.6036,NEW CASTLE,"['PM2.5', 'SO2']"
100031010,BCSP,39.817222,-75.563889,NEW CASTLE,['OZONE']
100031012,Newark,39.691962,-75.761299,NEW CASTLE,['PM2.5']
100031013,BELLFNT2,39.773889,-75.496389,NEW CASTLE,"['OZONE', 'SO2']"
100032004,MLK,39.739444,-75.558056,NEW CASTLE,"['OZONE', 'CO', 'PM2.5', 'SO2']"
100051002,SEAFORD,38.6539,-75.6106,SUSSEX,"['OZONE', 'PM2.5']"
100051003,LEWES,38.7791,-75.16323,SUSSEX,['OZONE']
110010041,RIVER_Terrace,38.895683,-76.958089,WASHINGTON,"['NO2', 'OZONE', 'PM2.5']"
110010043,McMillan Reservoir,38.921848,-77.013176,WASHINGTON,"['NO2', 'CO', 'PM2.5', 'PM10', 'OZONE']"
110010050,TakomaRec,38.970101,-77.016715,WASHINGTON,"['NO2', 'OZONE']"
110010051,DCNearRoad,38.894749,-76.953427,WASHINGTON,"['NO2', 'CO', 'PM2.5']"
120013012,Paynes Prairie Farm,29.56615,-82.266066,ALACHUA,"['OZONE', 'PM2.5']"
120050006,St. Andrews Park,30.128901,-85.738098,BAY,"['OZONE', 'PM2.5']"
120090007,Melbourne,28.0542,-80.6283,BREVARD,"['PM10', 'OZONE', 'PM2.5']"
120094001,Cocoa Beach,28.3108,-80.6156,BREVARD,['OZONE']
120110033,V_VIEW,26.0732,-80.3386,BROWARD,"['OZONE', 'PM2.5']"
120110034,NCORE,26.054047,-80.257608,BROWARD,"['CO', 'PM2.5', 'PM10', 'SO2', 'OZONE']"
120110035,Near Road,26.131256,-80.167847,BROWARD,"['PM10', 'NO2', 'CO', 'PM2.5']"
120112003,POMPANO_BEACH,26.2906,-80.0969,BROWARD,"['OZONE', 'PM2.5']"
120115005,Coconut Creek,26.29405,-80.17634,BROWARD,"['PM10', 'PM2.5']"
120118002,DANIA_BEACH,26.0864,-80.1114,BROWARD,"['NO2', 'OZONE']"
120230002,Lake City,30.1783,-82.6192,COLUMBIA,"['OZONE', 'PM2.5']"
120250019,Pennsuco,25.899167,-80.382778,DADE,"['NO2', 'SO2']"
120310032,Kooker Park,30.356111,-81.635556,DUVAL,"['PM10', 'NO2', 'PM2.5', 'SO2']"
120310098,Mandarin,30.1358,-81.6339,DUVAL,"['PM10', 'PM2.5']"
120310099,Sunny Acres,30.354614,-81.547789,DUVAL,['PM2.5']
120310100,Mayo Clinic,30.2603,-81.4533,DUVAL,"['OZONE', 'PM2.5']"
120310106,Cisco Drive,30.378167,-81.84079,DUVAL,['OZONE']
120310108,Pepsi Place,30.262808,-81.606834,DUVAL,"['NO2', 'CO', 'PM2.5']"
120330018,Pensacola NAS,30.3681,-87.2708,ESCAMBIA,['OZONE']
120350004,Flagler County,29.489082,-81.276833,FLAGLER,['OZONE']
120470017,White Springs Plant,30.426029,-82.795356,HAMILTON,"['PM2.5', 'SO2']"
120570081,SIMMONS PARK,27.7403,-82.4656,HILLSBOROUGH,['OZONE']
120570083,GARDINIER,27.864273,-82.383359,HILLSBOROUGH,['PM10']
120570109,EAST BAY,27.853897,-82.383414,HILLSBOROUGH,['SO2']
120570112,APOLLO BEACH,27.779712,-82.419835,HILLSBOROUGH,"['PM2.5', 'SO2']"
120570113,MUNRO STREET,27.955133,-82.469532,HILLSBOROUGH,"['NO2', 'CO', 'PM2.5']"
120571035,DAVIS ISLAND,27.9283,-82.4547,HILLSBOROUGH,"['PM10', 'OZONE', 'SO2']"
120571065,GANDY,27.8928,-82.5383,HILLSBOROUGH,"['OZONE', 'PM2.5']"
120573002,SYDNEY,27.9659,-82.230617,HILLSBOROUGH,"['NO2', 'CO', 'PM2.5', 'SO2', 'OZONE']"
120590004,Bonifay,30.8475,-85.6044,HOLMES,"['OZONE', 'PM2.5']"
120619991,Indian River Lagoon,27.8492,-80.4554,INDIAN RIVER,['OZONE']
120690002,Clermont,28.525,-81.7231,LAKE,['OZONE']
120712002,Rotary Park,26.5475,-81.9797,LEE,['OZONE']
120779991,Sumatra,30.1103,-84.9903,LIBERTY,['OZONE']
120810028,Port Manatee,27.638611,-82.547778,MANATEE,"['OZONE', 'SO2']"
120814012,G. T. Bray Park,27.4808,-82.6186,MANATEE,['OZONE']
120830003,YMCA - Marion County,29.170799,-82.1008,MARION,"['OZONE', 'PM2.5']"
120850007,Stuart,27.172459,-80.240692,MARTIN,"['PM10', 'OZONE', 'PM2.5']"
120860027,Rosenstiel,25.7325,-80.162201,MIAMI - DADE,"['NO2', 'OZONE']"
120860029,Perdue,25.586399,-80.326897,MIAMI - DADE,['OZONE']
120860034,Kendal,25.686944,-80.686944,MIAMI - DADE,['PM2.5']
120860035,Perimeter,25.785472,-80.284206,MIAMI - DADE,"['NO2', 'CO']"
120890005,FBHWWTP,30.6575,-81.464167,NASSAU,['SO2']
120950010,Skyview,28.453167,-81.397139,ORANGE,['OZONE']
120952002,Winter Park,28.5997,-81.3628,ORANGE,"['NO2', 'CO', 'PM2.5', 'SO2', 'OZONE']"
120990008,Belle Glade,26.724167,-80.663055,PALM BEACH,['PM2.5']
120990021,Lantana Preserve,26.593808,-80.058917,PALM BEACH,['OZONE']
120990022,Lamstein Lane,26.687606,-80.219619,PALM BEACH,"['OZONE', 'PM2.5']"
120992005,Delray Beach,26.456944,-80.092778,PALM BEACH,"['PM10', 'PM2.5']"
121010005,San Antonio,28.3322,-82.3056,PASCO,['OZONE']
121012001,Holiday,28.1953,-82.7578,PASCO,['OZONE']
121030018,Azalea,27.7858,-82.74,PINELLAS,"['NO2', 'OZONE', 'PM2.5']"
121030023,Derby Lane,27.863583,-82.623483,PINELLAS,['SO2']
121030027,Sawgrass Lake Park,27.834409,-82.665251,PINELLAS,"['NO2', 'CO']"
121035003,Oakwood,28.141944,-82.74,PINELLAS,['SO2']
121071008,Palatka,29.686667,-81.656389,PUTNAM,"['PM10', 'SO2']"
121110013,Savannahs,27.38908,-80.311035,ST. LUCIE,['OZONE']
121130015,Woodlawn,30.3942,-87.0081,SARASOTA,"['OZONE', 'PM2.5']"
121150013,Bee Ridge,27.2906,-82.5072,SARASOTA,['PM2.5']
121151006,Paw Park,27.3503,-82.4797,SARASOTA,"['PM10', 'OZONE']"
121152002,Jackson Road,27.0892,-82.3625,SARASOTA,"['OZONE', 'PM2.5']"
130210012,Macon Forestry,32.8031,-83.5447,BIBB,"['PM10', 'OZONE', 'PM2.5', 'SO2']"
130511002,Savannah L&A,32.0903,-81.1306,CHATHAM,"['PM10', 'PM2.5', 'SO2']"
130550001,Summerville,34.4742,-85.4081,CHATTOOGA,['OZONE']
130590002,Athens,33.925,-83.3575,CLARKE,"['PM10', 'OZONE', 'PM2.5']"
130670003,Kennesaw,34.0144,-84.6075,COBB,['OZONE']
130850001,Dawsonville,34.3778,-84.0561,DAWSON,['OZONE']
130890002,South DeKalb,33.6906,-84.2731,DE KALB,"['NO2', 'CO', 'PM2.5', 'PM10', 'SO2', 'OZONE']"
130890003,NR-285,33.698611,-84.272608,DE KALB,"['NO2', 'PM2.5']"
130950007,Albany,31.5767,-84.1002,DOUGHERTY,"['PM10', 'OZONE', 'PM2.5']"
130970004,Douglasville,33.7433,-84.7789,DOUGLAS,['OZONE']
131150003,Rome,34.26054,-85.32333,FLOYD,['PM2.5']
131210055,United Ave,33.7206,-84.3578,FULTON,"['OZONE', 'PM2.5', 'SO2']"
131210056,NR-Georgia Tech,33.778315,-84.391418,FULTON,"['NO2', 'CO', 'PM2.5']"
131270006,Brunswick,31.1694,-81.4964,GLYNN,"['PM10', 'OZONE', 'PM2.5']"
131350002,Gwinnett Tech,33.9636,-84.0664,GWINNETT,"['PM10', 'OZONE', 'PM2.5']"
131390003,Gainesville,34.3003,-83.8139,HALL,"['PM10', 'PM2.5']"
131510002,McDonough,33.4347,-84.1617,HENRY,"['OZONE', 'PM2.5']"
131530001,Warner Robins,32.6056,-83.5979,HOUSTON,"['PM10', 'PM2.5']"
131850003,Valdosta,30.8486,-83.2933,LOWNDES,"['PM10', 'PM2.5']"
132130003,Fort Mountain,34.785,-84.6269,MURRAY,['OZONE']
132150008,Columbus Airport,32.5214,-84.9436,MUSCOGEE,"['PM10', 'OZONE', 'PM2.5']"
132319991,Georgia Station,33.1787,-84.4052,PIKE,['OZONE']
132450091,Augusta,33.4333,-82.0219,RICHMOND,"['PM10', 'OZONE', 'PM2.5', 'SO2']"
132470001,Conyers,33.5856,-84.0667,ROCKDALE,['OZONE']
132611001,Leslie,31.9531,-84.0794,SUMTER,['OZONE']
133030001,Sandersville,32.9672,-82.807,WASHINGTON,"['PM10', 'PM2.5']"
150011006,Hilo,19.717562,-155.110535,HAWAII,"['PM2.5', 'SO2']"
150011012,Kona,19.5097,-155.9133,HAWAII,"['PM2.5', 'SO2']"
150012016,Pahala,19.2065,-155.4689,HAWAII,"['PM2.5', 'SO2']"
150012017,Mountain View,19.569799,-155.080597,HAWAII,"['PM2.5', 'SO2']"
150012020,Ocean View,19.117561,-155.778137,HAWAII,"['PM2.5', 'SO2']"
150012021,Waikoloa-21,19.977467,-155.798067,HAWAII,['PM2.5']
150012035,LEILANI,19.465,-154.914,HAWAII,['SO2']
150013027,KS Hawaii,19.611915,-155.055038,HAWAII,"['PM2.5', 'SO2']"
150013028,Naalehu,19.060655,-155.579159,HAWAII,"['PM2.5', 'SO2']"
150013034,Kailua-Kona,19.618158,-155.971242,HAWAII,['PM2.5']
150030010,Kapolei,21.323601,-158.088593,HONOLULU,"['NO2', 'CO', 'PM2.5', 'PM10', 'SO2']"
150090025,KAHULUI,20.869444,-156.492417,MAUI,['PM2.5']
160010010,St. Lukes Meridian,43.600699,-116.347853,ADA,"['NO2', 'CO', 'PM2.5', 'SO2', 'OZONE']"
160010017,White Pine,43.577603,-116.178156,ADA,['OZONE']
160010020,Garden City,43.647888,-116.269409,ADA,"['PM10', 'PM2.5']"
160050004,Pocatello STP,42.916401,-112.5158,BANNOCK,['SO2']
160090010,St. Maries,47.3167,-116.570297,BENEWAH,['PM2.5']
160090011,Plummer CDA Tribe,47.3386,-116.885902,BENEWAH,['PM2.5']
160130004,Ketchum,43.682556,-114.371094,BLAINE,['PM2.5']
160150001,Idaho City,43.823017,-115.838557,BOISE,['PM2.5']
160150002,Garden Valley,44.104498,-115.972386,BOISE,['PM2.5']
160170003,Sandpoint U of I,48.291821,-116.556557,BONNER,"['PM10', 'PM2.5']"
160190011,Idaho Falls PM2.5,43.464696,-112.046503,BONNEVILLE,['PM2.5']
160210002,Boundary County,48.705551,-116.368965,BOUNDARY,['PM2.5']
160211008,Mt Hall,48.894014,-116.359419,BOUNDARY,['PM2.5']
160270002,Nampa Fire Station,43.58031,-116.562676,CANYON,"['PM10', 'PM2.5']"
160290031,Soda Springs SO2,42.695301,-111.593903,CARIBOU,['SO2']
160410002,Preston PM25 BAM,42.082222,-111.864167,FRANKLIN,['PM2.5']
160490002,Grangeville,45.931301,-116.115196,IDAHO,['PM2.5']
160491011,Cottonwood,46.061322,-116.3467,IDAHO,['PM2.5']
160499991,Nez Perce Tribe,46.2756,-116.0216,IDAHO,['OZONE']
160550003,Lancaster,47.7889,-116.8044,KOOTENAI,"['OZONE', 'PM2.5']"
160550015,Nursery Rd.,47.715385,-116.827245,KOOTENAI,['PM2.5']
160570005,Moscow,46.728199,-116.954597,LATAH,['PM2.5']
160571000,Potlatch,46.921,-116.89625,LATAH,['PM2.5']
160571012,Juliaetta,46.578731,-116.708958,LATAH,['PM2.5']
160590004,Salmon PM2.5,45.181907,-113.890285,LEMHI,['PM2.5']
160650002,Rexburg PM25,43.809486,-111.800475,MADISON,['PM2.5']
160690012,Lewiston,46.408501,-116.991402,NEZ PERCE,['PM2.5']
160830007,Twin Falls PM25,42.565089,-114.494717,TWIN FALLS,['PM2.5']
160830009,Kimberly,42.331959,-114.213043,TWIN FALLS,
160850001,McCall,44.8992,-116.093903,VALLEY,['PM2.5']
160871004,Weiser PM25,44.261694,-116.979172,WASHINGTON,['PM2.5']
170010007,QUINCY,39.9175,-91.3358,ADAMS,['OZONE']
170190007,THOMAS,40.244953,-88.188179,CHAMPAIGN,['OZONE']
170191001,BONDVILLE,40.052241,-88.372549,CHAMPAIGN,['PM2.5']
170199991,Bondville,40.0519,-88.3724,CHAMPAIGN,"['OZONE', 'CO', 'SO2']"
170230001,West Union,39.210857,-87.668297,CLARK,['OZONE']
170310001,ALSIP,41.6708,-87.7325,COOK,"['OZONE', 'PM2.5']"
170310032,CHI_SWFP,41.755798,-87.545303,COOK,['OZONE']
170310057,CHI_SP,41.9136,-87.7239,COOK,['PM2.5']
170310076,CHI_COM,41.7547,-87.7136,COOK,"['OZONE', 'PM2.5']"
170310119,Kingery Near-road #1,41.578603,-87.557392,COOK,['PM2.5']
170311003,CHI_TAFT,41.984402,-87.791901,COOK,['OZONE']
170311601,LEMONT,41.6681,-87.9906,COOK,['OZONE']
170313103,SCHILPRK,41.965,-87.8761,COOK,"['OZONE', 'PM2.5']"
170314002,CICERO,41.855301,-87.752502,COOK,['OZONE']
170314007,DESPLNS,42.0603,-87.8631,COOK,"['OZONE', 'PM2.5']"
170314201,NORTHBRK,42.1406,-87.7994,COOK,"['OZONE', 'PM2.5']"
170316005,Cicero2,41.864329,-87.748826,COOK,['PM2.5']
170317002,EVANSTON,42.0622,-87.6736,COOK,['OZONE']
170434002,Naperville,41.7714,-88.1522,DU PAGE,['PM2.5']
170436001,LISLE,41.8131,-88.0728,DU PAGE,['OZONE']
170491001,EFFINGHM,39.0667,-88.548302,EFFINGHAM,['OZONE']
170650002,KNIGHT_P,38.088902,-88.625,HAMILTON,"['OZONE', 'PM2.5']"
170830117,JERSEYVL,39.101439,-90.344494,JERSEY,"['OZONE', 'PM2.5']"
170859991,Stockton,42.2869,-89.9997,JO DAVIESS,['OZONE']
170890005,ELGIN,42.0494,-88.2731,KANE,['OZONE']
170971007,ZION,42.4669,-87.8103,LAKE,['OZONE']
171110001,CARY,42.2211,-88.2411,MC HENRY,"['OZONE', 'PM2.5']"
171132003,NORMAL,40.5169,-88.9975,MC LEAN,"['OZONE', 'PM2.5']"
171170002,NILWOOD,39.3961,-89.8094,MACOUPIN,['OZONE']
171190120,Alton,38.901316,-90.146211,MADISON,['OZONE']
171190122,Maryville,38.730263,-89.950053,MADISON,['OZONE']
171191007,GC_MAD,38.7045,-90.1397,MADISON,['PM2.5']
171191009,MARYVILL,38.7267,-89.959198,MADISON,"['OZONE', 'PM2.5']"
171193007,WOOD_WTP,38.8606,-90.1058,MADISON,['OZONE']
171430024,PEORIA_F,40.6869,-89.6072,PEORIA,['OZONE']
171431001,PEORIA_H,40.745,-89.5861,PEORIA,['OZONE']
171570001,HOUSTON,38.1761,-89.7883,RANDOLPH,"['OZONE', 'PM2.5']"
171613002,ROCK_IS,41.5144,-90.5172,ROCK ISLAND,"['OZONE', 'PM2.5']"
171630010,East St. Louis,38.611893,-90.160614,ST. CLAIR,"['OZONE', 'PM2.5']"
171670012,Springfield Ag,39.831921,-89.644164,SANGAMON,['PM2.5']
171670014,SPFD_IB,39.831524,-89.640923,SANGAMON,['OZONE']
171971002,Joliet,41.526885,-88.116474,WILL,['PM2.5']
171971011,BRAIDWD,41.2222,-88.1906,WILL,"['OZONE', 'PM2.5']"
172010118,Rockford,42.267002,-89.08917,WINNEBAGO,['PM2.5']
172012001,ROCK_LP,42.335,-89.0381,WINNEBAGO,['OZONE']
180030002,Leo HS,41.221418,-85.016821,ALLEN,['OZONE']
180050007,Hope,39.294322,-85.766845,BARTHOLOMEW,"['PM10', 'NO2', 'OZONE', 'PM2.5']"
180110001,Whitestown,39.997773,-86.395394,BOONE,['OZONE']
180130001,Helmsburg,39.263914,-86.292261,BROWN,['OZONE']
180150002,Flora,40.540455,-86.553035,CARROLL,['OZONE']
180390007,Bristol,41.716959,-85.824696,ELKHART,['OZONE']
180390008,Elkhart-Prairie St.,41.657155,-85.968446,ELKHART,['PM2.5']
180430008,New Albany - 4H Road,38.3178,-85.8333,FLOYD,"['OZONE', 'PM2.5', 'SO2']"
180431004,New Albany,38.30703,-85.832974,FLOYD,"['OZONE', 'PM2.5', 'SO2']"
180550001,Plummer,38.985556,-86.99,GREENE,"['OZONE', 'PM2.5']"
180570007,Fishers,39.960884,-85.939546,HAMILTON,['PM2.5']
180630004,Avon,39.758889,-86.398611,HENDRICKS,['OZONE']
180650003,Mechanicsburg,40.009544,-85.52347,HENRY,['PM2.5']
180839991,Vincennes,38.7408,-87.4853,KNOX,['OZONE']
180890022,Gary-IITRI,41.606563,-87.305015,LAKE,"['NO2', 'PM2.5', 'PM10', 'SO2', 'OZONE']"
180890036,Hammond-167th St,41.594427,-87.495044,LAKE,['PM2.5']
180892008,Hammond-141st St,41.639444,-87.493611,LAKE,"['OZONE', 'SO2']"
180910005,Michigan City-4th St,41.717762,-86.907786,LA PORTE,['OZONE']
180970050,Indpls-Ft. Harrison,39.858889,-86.021389,MARION,['OZONE']
180970057,Indpls-Harding St,39.749027,-86.186269,MARION,"['OZONE', 'SO2']"
180970073,Indpls-E.16th St,39.789167,-86.060833,MARION,
180970081,Indpls-W.18th St,39.788889,-86.214722,MARION,['PM2.5']
180970086,Indpls-Southport,39.664498,-86.234898,MARION,
180970087,Indpls - I-70 E,39.787933,-86.13088,MARION,"['CO', 'NO2', 'OZONE', 'PM2.5']"
181230009,Leopold,38.115152,-86.60325,PERRY,['OZONE']
181270023,Portage-Hwy 12,41.616561,-87.146921,PORTER,['PM10']
181270024,Ogden Dunes,41.617814,-87.199533,PORTER,"['OZONE', 'PM2.5']"
181270026,Valparaiso,41.512118,-87.036236,PORTER,['OZONE']
181290003,St. Philips,38.006414,-87.718414,POSEY,['OZONE']
181410016,Granger-Beckley St.,41.754722,-86.11,ST. JOSEPH,['OZONE']
181450001,Fairland,39.613367,-85.870669,SHELBY,['OZONE']
181630013,Inglefield,38.113889,-87.536667,VANDERBURGH,['OZONE']
181630022,Evansville-Lloyd,37.97768,-87.596836,VANDERBURGH,['CO']
181670024,Sandcut,39.558525,-87.312883,VIGO,['OZONE']
181699991,Salamonie Reservoir,40.816,-85.6611,WABASH,['OZONE']
181730008,Boonville,38.052416,-87.281502,WARRICK,['OZONE']
181730011,Dayville,37.954444,-87.321667,WARRICK,"['OZONE', 'SO2']"
181830003,Larwill,41.169722,-85.629444,WHITLEY,['PM2.5']
190170011,"Waverly, Airport",42.743099,-92.5131,BREMER,['OZONE']
190450019,"Clinton, Chancy Park",41.823101,-90.211899,CLINTON,"['PM2.5', 'SO2']"
191130033,COGGON,42.2806,-91.5269,LINN,['OZONE']
191130040,PUBLIC HEALTH,41.9767,-91.6878,LINN,"['OZONE', 'PM2.5', 'SO2']"
191390016,"Muscatine, Greenwood",41.419201,-91.070801,MUSCATINE,['SO2']
191471002,"Emmetsburg, ILCC",43.123299,-94.693298,PALO ALTO,"['OZONE', 'PM2.5']"
191530030,CARPENTER,41.6031,-93.643303,POLK,"['OZONE', 'PM2.5']"
191531579,SHELDAHL,41.849433,-93.697616,POLK,['OZONE']
191535885,PUBLIC WORKS,41.667032,-93.599221,POLK,['PM2.5']
191630014,Scott County Park,41.6992,-90.521896,SCOTT,['OZONE']
191630017,Buffalo,41.467201,-90.688301,SCOTT,"['PM10', 'PM2.5']"
191770006,Lake Sugema,40.693298,-92.006104,VAN BUREN,"['NO2', 'OZONE', 'PM2.5', 'SO2']"
200570002,Dodge City,37.7667,-100.0333,FORD,['PM10']
200910010,Heritage Park,38.8386,-94.7464,JOHNSON,"['PM10', 'OZONE', 'PM2.5']"
201330003,Chanute,37.67696,-95.47594,NEOSHO,"['NO2', 'PM2.5', 'PM10', 'SO2', 'OZONE']"
201619991,Konza Prairie,39.1021,-96.6096,RILEY,
201730010,WHlthDpt,37.7011,-97.3139,SEDGWICK,"['PM10', 'NO2', 'OZONE', 'PM2.5']"
201730018,Sedgwick,37.897499,-97.492073,SEDGWICK,['OZONE']
201770013,KNI-Topeka,39.0242,-95.7114,SHAWNEE,"['PM10', 'OZONE', 'PM2.5']"
201910002,PECK,37.4769,-97.3664,SUMNER,"['NO2', 'PM2.5', 'PM10', 'SO2', 'OZONE']"
201950001,Cedar Bluff,38.7703,-99.7636,TREGO,"['NO2', 'PM2.5', 'PM10', 'SO2', 'OZONE']"
202090021,WY/KC,39.1175,-94.6356,WYANDOTTE,"['NO2', 'PM2.5', 'PM10', 'SO2', 'OZONE']"
210130002,MIDAIR,36.6081,-83.7369,BELL,"['OZONE', 'PM2.5']"
210150008,Nature Center,38.967461,-84.721483,BOONE,['OZONE']
210190017,FIVCO,38.4592,-82.6339,BOYD,"['OZONE', 'PM2.5']"
210290006,SHEPVILL,37.9856,-85.7131,BULLITT,['OZONE']
210373002,NKU,39.0217,-84.4744,CAMPBELL,"['OZONE', 'PM2.5']"
210430500,GRAYSON,38.2383,-82.9883,CARTER,"['OZONE', 'PM2.5']"
210470006,Hopkinsville,36.911667,-87.323608,CHRISTIAN,"['OZONE', 'PM2.5']"
210590005,OWENPRI,37.7808,-87.0756,DAVIESS,"['OZONE', 'PM2.5']"
210610501,Mammoth Cave NP,37.1314,-86.1481,EDMONSON,"['OZONE', 'PM2.5']"
210670012,NEWTWN,38.065,-84.5,FAYETTE,"['OZONE', 'PM2.5']"
210890007,WORTH2002,38.5483,-82.7317,GREENUP,['OZONE']
210910012,LEWISPOR,37.9389,-86.8969,HANCOCK,['OZONE']
210930006,ETOWN2,37.7064,-85.8517,HARDIN,"['OZONE', 'PM2.5']"
211011011,Sebree,37.654381,-87.511427,HENDERSON,['SO2']
211110051,WATSON,38.0608,-85.8961,JEFFERSON,"['PM10', 'OZONE', 'PM2.5', 'SO2']"
211110067,Cannons Lane,38.2286,-85.6544,JEFFERSON,"['NO2', 'CO', 'PM2.5', 'PM10', 'SO2', 'OZONE']"
211111041,Algonquin Parkway,38.23158,-85.82675,JEFFERSON,"['PM10', 'OZONE', 'PM2.5', 'SO2']"
211130001,NICHVILL,37.8933,-84.5892,JESSAMINE,['OZONE']
211390003,SMITHLD,37.1556,-88.3931,LIVINGSTON,['OZONE']
211759991,Crockett,37.9214,-83.0662,MORGAN,['OZONE']
211850004,BUCKNER,38.3986,-85.4433,OLDHAM,['OZONE']
211930003,HAZ2,37.2831,-83.2203,PERRY,"['OZONE', 'PM2.5']"
211950002,PIKE2001,37.4828,-82.5353,PIKE,"['OZONE', 'PM2.5']"
211990003,SOMERST,37.097801,-84.611702,PULASKI,"['OZONE', 'PM2.5']"
212130004,FRANKLN,36.7086,-86.5664,SIMPSON,['OZONE']
212270009,Smiths Grove,37.04926,-86.21487,WARREN,"['OZONE', 'PM2.5']"
212299991,Mackville,37.7046,-85.0485,WASHINGTON,['OZONE']
220050004,Dutchtown,30.2294,-90.9656,ASCENSION,['OZONE']
220150008,Shreveport Airport,32.5364,-93.7492,BOSSIER,"['OZONE', 'PM2.5']"
220170001,Dixie,32.6833,-93.8617,CADDO,['OZONE']
220190002,Carlyss,30.1433,-93.3719,CALCASIEU,['OZONE']
220190008,Westlake,30.2625,-93.285,CALCASIEU,['PM2.5']
220190009,Vinton,30.2278,-93.5797,CALCASIEU,['OZONE']
220330003,LSU,30.4197,-91.1819,EAST BATON ROUGE,['OZONE']
220330009,Capitol,30.4622,-91.1769,EAST BATON ROUGE,"['OZONE', 'PM2.5']"
220330013,Pride,30.7008,-91.0561,EAST BATON ROUGE,['OZONE']
220470009,Bayou Plaquemine,30.2211,-91.3153,IBERVILLE,['OZONE']
220470012,Carville,30.1975,-91.1283,IBERVILLE,['OZONE']
220511001,Kenner,30.0411,-90.2728,JEFFERSON,['OZONE']
220550007,Lafayette,30.2258,-92.042801,LAFAYETTE,"['OZONE', 'PM2.5']"
220570004,Thibodaux,29.7639,-90.7653,LAFOURCHE,"['OZONE', 'PM2.5']"
220630002,French Settlement,30.315,-90.8114,LIVINGSTON,"['OZONE', 'PM2.5']"
220710012,City Park,29.9933,-90.1014,ORLEANS,['PM2.5']
220730004,Monroe,32.509701,-92.046097,OUACHITA,['OZONE']
220770001,New Roads,30.6817,-91.3661,POINTE COUPEE,['OZONE']
220870004,Meraux,29.940001,-89.919998,ST. BERNARD,['OZONE']
220870007,Chalmette Vista,29.9431,-89.9761,ST. BERNARD,['SO2']
220930002,Convent,29.995,-90.8172,ST. JAMES,['OZONE']
220950002,Garyville,30.0494,-90.6367,ST. JOHN THE BAPTIST,['OZONE']
220990001,St. Martinville,30.008887,-91.869595,ST. MARTIN,['OZONE']
221030002,Madisonville,30.4293,-90.1997,ST. TAMMANY,"['OZONE', 'PM2.5']"
221210001,Port Allen,30.5019,-91.2111,WEST BATON ROUGE,['OZONE']
230010014,DURHAM,43.974449,-70.124893,ANDROSCOGGIN,['OZONE']
230030014,Madawaska PSB,47.3553,-68.3211,AROOSTOOK,"['PM10', 'PM2.5']"
230031100,MICMAC,46.6964,-68.033096,AROOSTOOK,"['NO2', 'CO', 'PM2.5', 'SO2', 'OZONE']"
230052003,Cape Elizabeth,43.561043,-70.207321,CUMBERLAND,['OZONE']
230112001,Gardiner High School,44.2267,-69.7892,KENNEBEC,['OZONE']
230130004,Port Clyde,43.917953,-69.260803,KNOX,['OZONE']
230172011,Rumford,44.5514,-70.5463,OXFORD,['PM2.5']
230190017,Bangor MSS,44.817398,-68.772762,PENOBSCOT,['PM2.5']
230194008,Holden,44.736465,-68.671143,PENOBSCOT,['OZONE']
230230007,Popham Beach SP,43.736277,-69.797654,SAGADAHOC,['OZONE']
230290033,Sipayik,44.963459,-67.060476,WASHINGTON,"['OZONE', 'PM2.5']"
230310040,Shapleigh Ball Park,43.58889,-70.877342,YORK,['OZONE']
230312002,Kennebunkport,43.343056,-70.47139,YORK,['OZONE']
240031003,Glen Burnie,39.1694,-76.6281,ANNE ARUNDEL,['OZONE']
240051007,Padonia,39.462002,-76.631599,BALTIMORE,"['OZONE', 'PM2.5']"
240053001,Essex,39.310833,-76.474444,BALTIMORE,"['CO', 'NO2', 'OZONE', 'SO2']"
240090011,Calvert,38.536722,-76.617194,CALVERT,['OZONE']
240130001,South Carroll,39.444199,-77.041702,CARROLL,['OZONE']
240150003,Fair Hill,39.701099,-75.860001,CECIL,"['OZONE', 'PM2.5']"
240170010,Southern Maryland,38.5042,-76.811897,CHARLES,['OZONE']
240190004,Horn Point,38.5876,-76.1408,DORCHESTER,"['OZONE', 'PM2.5', 'SO2']"
240199991,Blackwater NWR,38.445,-76.1114,DORCHESTER,['OZONE']
240210037,Frederick Airport,39.42276,-77.37519,FREDERICK,['OZONE']
240230002,Piney Run,39.705799,-79.011902,GARRETT,"['NO2', 'CO', 'PM2.5', 'SO2', 'OZONE']"
240251001,Edgewood,39.41,-76.2967,HARFORD,"['OZONE', 'PM2.5']"
240259001,Aldino,39.563301,-76.203903,HARFORD,['OZONE']
240290002,Millington,39.305199,-75.797203,KENT,"['OZONE', 'PM2.5']"
240313001,Rockville,39.114399,-77.106903,MONTGOMERY,"['OZONE', 'PM2.5']"
240330030,HU-Beltsville,39.055302,-76.878304,PRINCE GEORGES,"['NO2', 'CO', 'PM2.5', 'SO2', 'OZONE']"
240338003,PG Equestrian Center,38.812069,-76.744186,PRINCE GEORGES,['OZONE']
240339991,Beltsville,39.0284,-76.8172,PRINCE GEORGES,['OZONE']
240396431,Princess Anne,38.176541,-75.701489,SOMERSET,"['PM10', 'PM2.5']"
240430009,Hagerstown,39.565601,-77.721901,WASHINGTON,"['OZONE', 'PM2.5']"
240476432,Pocomoke City,38.013875,-75.545666,WORCESTER,"['PM10', 'PM2.5']"
245105253,Lake Montebello,39.33746,-76.58905,BALTIMORE (CITY),"['NO2', 'OZONE', 'PM2.5']"
250010002,TRURO,41.9756,-70.0239,BARNSTABLE,['OZONE']
250030008,PittsfieldES,42.452299,-73.239648,BERKSHIRE,"['OZONE', 'PM2.5']"
250036001,NorthAdams,42.702223,-73.110414,BERKSHIRE,['PM2.5']
250051004,Fall River,41.6833,-71.169701,BRISTOL,"['OZONE', 'PM2.5', 'SO2']"
250051006,Fairhaven2,41.6454,-70.898,BRISTOL,['OZONE']
250092006,LYNN,42.474701,-70.971901,ESSEX,"['NO2', 'OZONE', 'PM2.5']"
250095005,Haverhill,42.7708,-71.1028,ESSEX,"['OZONE', 'PM2.5']"
250130008,CHICOPEE,42.194401,-72.555603,HAMPDEN,"['NO2', 'OZONE', 'PM2.5']"
250130018,SPRINGFIELDSP,42.120248,-72.58499,HAMPDEN,"['NO2', 'PM2.5', 'SO2']"
250154002,WARE,42.298302,-72.334396,HAMPSHIRE,"['NO2', 'PM2.5', 'PM10', 'SO2', 'OZONE']"
250170009,Chelmsford,42.6267,-71.3622,MIDDLESEX,['OZONE']
250170010,ChelmsfordNR,42.612113,-71.307519,MIDDLESEX,"['NO2', 'OZONE', 'PM2.5']"
250212005,WeymouthFR,42.241229,-70.963346,NORFOLK,"['NO2', 'OZONE', 'PM2.5']"
250230005,Brockton,42.065119,-71.012686,PLYMOUTH,"['OZONE', 'PM2.5']"
250250002,BOSTON-KENMORE,42.3489,-71.097702,SUFFOLK,"['NO2', 'PM2.5', 'SO2']"
250250042,Boston - Roxbury,42.329399,-71.082497,SUFFOLK,"['NO2', 'CO', 'PM2.5', 'PM10', 'SO2', 'OZONE']"
250250044,Boston-Von Hillern,42.325197,-71.056056,SUFFOLK,"['NO2', 'CO', 'PM2.5']"
250250045,BOSTON-Chinatown,42.349954,-71.059194,SUFFOLK,['PM2.5']
250251004,Chelsea HP,42.387222,-71.026111,SUFFOLK,['PM2.5']
250270015,Worcester,42.2742,-71.8758,WORCESTER,"['NO2', 'CO', 'PM2.5', 'PM10', 'SO2', 'OZONE']"
250270024,Uxbridge,42.0997,-71.62,WORCESTER,['OZONE']
260050003,HOLLAND,42.767799,-86.148598,ALLEGAN,"['OZONE', 'PM2.5']"
260170014,BAY CITY,43.5714,-83.8908,BAY,['PM2.5']
260190003,FRANKFORT,44.616901,-86.109398,BENZIE,['OZONE']
260210014,COLOMA,42.1978,-86.3097,BERRIEN,['OZONE']
260270003,CASSOPOLIS,41.8956,-86.0017,CASS,['OZONE']
260370002,ROSE LAKE,42.802742,-84.350273,CLINTON,['OZONE']
260490021,FLINT,43.0289,-83.669403,GENESEE,"['OZONE', 'PM2.5']"
260492001,OTISVILLE,43.1683,-83.4617,GENESEE,['OZONE']
260630007,HARBOR BEACH,43.8364,-82.6431,HURON,['OZONE']
260650018,LANSING,42.76138,-84.562867,INGHAM,"['NO2', 'OZONE', 'PM2.5', 'SO2']"
260770008,KALAMAZOO,42.2781,-85.5419,KALAMAZOO,"['OZONE', 'PM2.5']"
260810020,GRAND RAPIDS,42.984699,-85.671097,KENT,"['NO2', 'CO', 'PM2.5', 'PM10', 'SO2', 'OZONE']"
260810022,EVANS,43.176701,-85.416702,KENT,['OZONE']
260910007,TECUMSEH,41.995602,-83.946701,LENAWEE,"['OZONE', 'PM2.5']"
260990009,NEW HAVEN,42.7314,-82.7936,MACOMB,"['OZONE', 'PM2.5']"
260990021,FREEDOM HILL,42.0941,-82.1639,MACOMB,
260991003,WARREN,42.5467,-83.0061,MACOMB,['OZONE']
261010922,MANISTEE,44.3069,-86.2428,MANISTEE,['OZONE']
261050007,SCOTTVILLE,43.9533,-86.2944,MASON,['OZONE']
261130001,HOUGHTON LAKE,44.3106,-84.891899,MISSAUKEE,"['NO2', 'OZONE', 'PM2.5']"
261210039,MUSKEGON,43.2781,-86.3111,MUSKEGON,['OZONE']
261250001,OAK PARK,42.4631,-83.183296,OAKLAND,['OZONE']
261250011,PONTIAC,42.633301,-83.325302,OAKLAND,
261390005,JENISON,42.894402,-85.852798,OTTAWA,"['PM10', 'OZONE', 'PM2.5']"
261470005,PORT HURON,42.9533,-82.4564,ST. CLAIR,"['OZONE', 'PM2.5', 'SO2']"
261530001,SENEY,46.2889,-85.9503,SCHOOLCRAFT,"['OZONE', 'PM2.5']"
261579991,Unionville,43.61,-83.36,TUSCOLA,['OZONE']
261610008,YPSILANTI,42.24,-83.5997,WASHTENAW,"['OZONE', 'PM2.5']"
261619991,Ann Arbor,42.4164,-83.9019,WASHTENAW,['OZONE']
261630001,ALLEN PARK,42.2283,-83.2092,WAYNE,"['CO', 'PM2.5', 'PM10', 'SO2', 'OZONE']"
261630005,RIVER ROUGE,42.2672,-83.1322,WAYNE,
261630015,DETROIT-SW,42.3042,-83.1072,WAYNE,"['NO2', 'PM2.5', 'SO2']"
261630019,DETROIT - E 7 MILE,42.430801,-83.000801,WAYNE,"['NO2', 'OZONE']"
261630026,DETROIT - JOY ROAD,42.32,-83.33,WAYNE,
261630033,DEARBORN,42.3075,-83.15,WAYNE,"['PM10', 'PM2.5']"
261630093,ELIZA HOWELL-NR,42.38599,-83.266319,WAYNE,"['NO2', 'CO', 'PM2.5']"
261630097,NMH48217,42.261669,-83.157893,WAYNE,"['PM2.5', 'SO2']"
261630098,DP4TH,42.312158,-83.091943,WAYNE,"['NO2', 'CO', 'PM2.5', 'SO2']"
261630099,TRINITY,42.295824,-83.129431,WAYNE,"['NO2', 'CO', 'PM2.5', 'SO2']"
261630100,MILITARY PARK,42.312078,-83.103469,WAYNE,"['NO2', 'PM2.5', 'SO2']"
261659991,Hoxeyville,44.180901,-85.738998,WEXFORD,['OZONE']
270031001,East Bethel,45.400799,-93.201103,ANOKA,['OZONE']
270031002,Blaine,45.1425,-93.2139,ANOKA,"['NO2', 'CO', 'PM2.5', 'PM10', 'SO2', 'OZONE']"
270052013,Detroit Lakes,46.8511,-95.8467,BECKER,"['OZONE', 'PM2.5']"
270072304,Red Lake Nation,47.878159,-95.029172,BELTRAMI,['PM2.5']
270177416,Fond du Lac,46.7053,-92.5236,CARLTON,"['OZONE', 'PM2.5']"
270317810,Grand Portage,47.9721,-89.6908,COOK,['PM2.5']
270353204,Brainerd,46.3944,-94.1433,CROW WING,"['OZONE', 'PM2.5']"
270370470,Apple Valley,44.7383,-93.2372,DAKOTA,['PM2.5']
270495302,Stanton,44.471901,-93.013298,GOODHUE,['OZONE']
270530954,Minneapolis-Downtown,44.979,-93.2737,HENNEPIN,"['CO', 'SO2']"
270530963,Minneapolis-Phillips,44.9536,-93.2581,HENNEPIN,['PM2.5']
270750005,Ely,47.9464,-91.4953,LAKE,"['OZONE', 'PM2.5']"
270834210,Marshall,44.4572,-95.835,LYON,"['OZONE', 'PM2.5']"
270953051,Mille Lacs,46.2056,-93.7589,MILLE LACS,['OZONE']
271095008,Rochester,43.9947,-92.4497,OLMSTED,"['OZONE', 'PM2.5']"
271230868,St. Paul - Downtown,44.9507,-93.0985,RAMSEY,['PM10']
271370034,Voyageurs NP,48.4128,-92.8292,ST. LOUIS,['OZONE']
271377001,Virginia,47.5212,-92.5393,ST. LOUIS,['PM2.5']
271377550,Duluth-WDSE,46.8183,-92.0892,ST. LOUIS,"['OZONE', 'PM2.5']"
271377554,West Duluth,46.743889,-92.166946,ST. LOUIS,['PM2.5']
271390505,Shakopee,44.789398,-93.512497,SCOTT,"['OZONE', 'PM2.5']"
271453052,St. Cloud,45.55,-94.1333,STEARNS,"['OZONE', 'PM2.5']"
271636016,Marine on St. Croix,45.168,-92.7651,WASHINGTON,['OZONE']
271713201,St. Michael,45.2108,-93.6686,WRIGHT,"['OZONE', 'PM2.5']"
280110001,CLEVELAND,33.7556,-90.7275,BOLIVAR,"['OZONE', 'PM2.5']"
280330002,HERNANDO,34.820633,-89.987782,DE SOTO,"['OZONE', 'PM2.5']"
280350004,Hattiesburg,31.323995,-89.292219,FORREST,['PM2.5']
280450003,WAVELAND,30.300917,-89.395954,HANCOCK,"['OZONE', 'PM2.5']"
280470008,GPORT YC,30.390123,-89.049746,HARRISON,"['OZONE', 'PM2.5']"
280490020,Jackson NCORE,32.329042,-90.182659,HINDS,"['CO', 'PM2.5', 'PM10', 'SO2', 'OZONE']"
280490021,Hinds CC,32.346734,-90.225762,HINDS,"['OZONE', 'PM2.5']"
280590006,PASCAGOULA,30.378054,-88.533876,JACKSON,"['NO2', 'OZONE', 'PM2.5', 'SO2']"
280750003,MERIDIAN,32.364345,-88.73145,LAUDERDALE,['OZONE']
280810005,TUPELOAP,34.264849,-88.766842,LEE,['OZONE']
281619991,Coffeeville,34.0026,-89.799,YALOBUSHA,['OZONE']
290030001,Savannah,39.9544,-94.849,ANDREW,['OZONE']
290190011,Finger Lakes SP,39.07803,-92.316322,BOONE,['OZONE']
290210005,St. Joseph,39.741667,-94.858333,BUCHANAN,"['PM10', 'PM2.5']"
290270002,New Bloomfield,38.70608,-92.09308,CALLAWAY,['OZONE']
290370003,RG_South,38.75961,-94.57983,CASS,"['OZONE', 'PM2.5']"
290390001,El Do Springs,37.70097,-94.03474,CEDAR,"['OZONE', 'PM2.5']"
290470005,Liberty,39.303056,-94.376389,CLAY,"['OZONE', 'PM2.5']"
290470006,Rocky Creek,39.33188,-94.5806,CLAY,['OZONE']
290490001,Trimble,39.5306,-94.556,CLINTON,['OZONE']
290770036,Hillcrest HS,37.256069,-93.299692,GREENE,"['PM10', 'OZONE', 'PM2.5']"
290770042,Fellows Lake,37.319444,-93.204444,GREENE,['OZONE']
290930034,Buick NE,37.652142,-91.11653,IRON,['SO2']
290950018,Front Street,39.13198,-94.53128,JACKSON,['PM10']
290950034,Troost,39.10465,-94.57055,JACKSON,"['PM10', 'NO2', 'PM2.5', 'SO2']"
290950042,Blue Ridge I-70,39.047911,-94.450513,JACKSON,"['NO2', 'CO', 'PM2.5']"
290970003,Carthage,37.19822,-94.31702,JASPER,"['PM10', 'PM2.5']"
290970004,Alba,37.2385,-94.42468,JASPER,['OZONE']
290990019,Arnold West,38.448581,-90.398436,JEFFERSON,"['PM10', 'OZONE', 'PM2.5']"
291130004,Foley West,39.045857,-90.849189,LINCOLN,['OZONE']
291370001,Mark Twain SP,39.4751,-91.78899,MONROE,"['PM10', 'NO2', 'OZONE', 'SO2']"
291570001,Farrar,37.70264,-89.69864,PERRY,['OZONE']
291831002,West Alton,38.8725,-90.226389,ST. CHARLES,['OZONE']
291831004,Orchard Farm,38.8994,-90.44917,ST. CHARLES,['OZONE']
291860005,Bonne Terre,37.90084,-90.42388,STE GENEVIEVE,['OZONE']
291890005,Pacific,38.4902,-90.7052,ST. LOUIS,['OZONE']
291890014,Maryland Heights,38.7109,-90.4759,ST. LOUIS,['OZONE']
291890016,Rider Trail I-70,38.75264,-90.44884,ST. LOUIS,"['NO2', 'SO2']"
291893001,Ladue,38.650259,-90.350463,ST. LOUIS,['PM2.5']
295100007,South Broadway,38.5425,-90.263611,ST. LOUIS (CITY),['PM2.5']
295100085,Blair Street,38.656449,-90.198548,ST. LOUIS (CITY),"['NO2', 'CO', 'PM2.5', 'PM10', 'SO2', 'OZONE']"
295100093,Branch Street,38.65643,-90.18977,ST. LOUIS (CITY),"['PM10', 'PM2.5']"
295100094,Forest Park,38.631057,-90.281144,ST. LOUIS (CITY),"['NO2', 'CO', 'PM2.5']"
300170005,Miles City,46.411444,-105.812694,CUSTER,"['PM10', 'PM2.5']"
300270006,Lewistown,47.048537,-109.455315,FERGUS,"['PM10', 'OZONE', 'PM2.5']"
300290009,White Fish Dead End,48.400523,-114.335973,FLATHEAD,['PM10']
300290049,Columbia Falls,48.363694,-114.189272,FLATHEAD,"['PM10', 'PM2.5']"
300298001,Glacier NP,48.5103,-113.9956,FLATHEAD,['OZONE']
300310019,Bozeman High School,45.683765,-111.056282,GALLATIN,['PM2.5']
300490026,Rossiter Pump House,46.6588,-112.0131,LEWIS AND CLARK,['PM2.5']
300530018,Libby Courthouse,48.391672,-115.55228,LINCOLN,"['PM10', 'PM2.5']"
300630024,Missoula Boyd Park,46.842297,-114.020549,MISSOULA,"['PM10', 'OZONE', 'PM2.5']"
300710010,Malta,48.317507,-107.862471,PHILLIPS,"['PM10', 'NO2', 'OZONE', 'PM2.5']"
300750001,Broadus,45.440295,-105.37028,POWDER RIVER,"['PM10', 'OZONE', 'PM2.5']"
300810007,Hamilton PS 46,46.243621,-114.158889,RAVALLI,['PM2.5']
300830002,Sidney 201,47.8679,-104.676864,RICHLAND,"['NO2', 'PM2.5', 'PM10', 'SO2', 'OZONE']"
300890007,Thompson Falls HS,47.594395,-115.323746,SANDERS,"['PM10', 'PM2.5']"
300930005,Butte Greely School,46.002399,-112.500893,SILVER BOW,"['PM10', 'PM2.5']"
301110066,Billings Coburn Rd,45.786579,-108.45878,YELLOWSTONE,['SO2']
301110087,Billlings Lockwood,45.806357,-108.426551,YELLOWSTONE,['PM2.5']
310250002,WWTP BAM,40.866225,-96.137447,CASS,['PM10']
310550053,16th and Whitmore,41.322472,-95.937992,DOUGLAS,"['OZONE', 'SO2']"
310550056,77th and Dodge,41.259478,-96.034714,DOUGLAS,['CO']
310790005,Grand Island DOT,40.918333,-98.378889,HALL,['PM2.5']
311079991,Santee Sioux,42.8292,-97.8541,KNOX,['OZONE']
311090016,Davey,40.984969,-96.671425,LANCASTER,['OZONE']
311090022,LLCHD BAM,40.812558,-96.675733,LANCASTER,['PM2.5']
311530007,2912 Coffey,41.133317,-95.956078,SARPY,['PM2.5']
311570006,Scottsbluff HS,41.875556,-103.658056,SCOTTS BLUFF,['PM2.5']
311770002,Blair,41.550658,-96.146622,WASHINGTON,['PM2.5']
320010002,Fallon,39.472471,-118.783624,CHURCHILL,['OZONE']
320030024,Virgin Valley,36.815897,-114.050347,CLARK,"['PM10', 'OZONE', 'PM2.5']"
320030043,Paul Meyer,36.106389,-115.253333,CLARK,"['PM10', 'OZONE', 'PM2.5']"
320030044,Mountains Edge,36.0075,-115.263056,CLARK,"['PM10', 'OZONE', 'PM2.5']"
320030071,Walter Johnson,36.169756,-115.263038,CLARK,"['PM10', 'OZONE', 'PM2.5']"
320030073,Palo Verde,36.173415,-115.332728,CLARK,"['PM10', 'OZONE', 'PM2.5']"
320030075,Joe Neal,36.270592,-115.238282,CLARK,"['PM10', 'NO2', 'OZONE', 'PM2.5']"
320030298,GreenValley,36.048705,-115.052942,CLARK,"['PM10', 'OZONE', 'PM2.5']"
320030299,Liberty High School,35.987908,-115.14885,CLARK,"['PM10', 'OZONE', 'PM2.5']"
320030540,Jerome Mack,36.141875,-115.078742,CLARK,"['NO2', 'CO', 'PM2.5', 'PM10', 'SO2', 'OZONE']"
320030561,Sunrise Acres,36.163962,-115.11393,CLARK,"['PM10', 'NO2', 'CO', 'PM2.5']"
320030602,Garrett Jr. High,35.969848,-114.835007,CLARK,"['PM10', 'OZONE', 'PM2.5']"
320031019,Jean,35.785665,-115.357087,CLARK,"['PM10', 'OZONE', 'PM2.5']"
320031501,RT,36.139707,-115.175654,CLARK,"['NO2', 'CO', 'PM2.5']"
320031502,Casino Center,36.174365,-115.13977,CLARK,"['PM10', 'NO2', 'CO', 'PM2.5']"
320032003,Walnut Rec.,36.214465,-115.091437,CLARK,"['NO2', 'CO', 'PM2.5', 'PM10', 'OZONE']"
320037772,Indian Springs,36.569333,-115.676651,CLARK,['OZONE']
320050007,Ranchos,38.897611,-119.732101,DOUGLAS,['PM2.5']
320070005,Elko,40.838329,-115.766003,ELKO,['PM10']
320190006,Fernley,39.602739,-119.247853,LYON,['OZONE']
320230011,Linda,36.349378,-116.03197,NYE,['PM10']
320230014,Manse,36.212787,-115.994802,NYE,['PM10']
320230015,Glen Oaks,36.193469,-116.007584,NYE,['PM10']
320310020,South Reno,39.469225,-119.775393,WASHOE,['OZONE']
320310025,Toll,39.399841,-119.739606,WASHOE,"['PM10', 'OZONE', 'PM2.5']"
320310031,Reno4,39.521918,-119.795444,WASHOE,"['NO2', 'CO', 'PM2.5', 'PM10', 'SO2', 'OZONE']"
320311005,Sparks,39.54092,-119.746764,WASHOE,"['PM10', 'OZONE', 'CO', 'PM2.5']"
320311007,Spanish Springs,39.621462,-119.718738,WASHOE,"['PM10', 'OZONE', 'PM2.5']"
320311026,Wadsworth-NV,39.6367,-119.2889,WASHOE,['PM10']
320312002,Incline,39.250437,-119.956741,WASHOE,['OZONE']
320312009,Lemmon Valley,39.645288,-119.840051,WASHOE,['OZONE']
320330101,Great Basin NP,39.0053,-114.2158,WHITE PINE,['OZONE']
325100020,CC_Armory,39.144804,-119.766409,CARSON CITY,"['OZONE', 'PM2.5']"
330012004,Laconia,43.566122,-71.496335,BELKNAP,"['OZONE', 'PM2.5']"
330050007,Keene,42.930521,-72.272332,CHESHIRE,"['OZONE', 'PM2.5']"
330074002,Mt. Washington base,44.308132,-71.217639,COOS,['OZONE']
330090010,Lebanon,43.629605,-72.309499,GRAFTON,"['OZONE', 'PM2.5']"
330111011,Nashua - Gilson Rd.,42.718653,-71.522416,HILLSBOROUGH,['OZONE']
330115001,Miller State Park,42.86183,-71.878626,HILLSBOROUGH,"['CO', 'PM2.5', 'PM10', 'SO2', 'OZONE']"
330131006,Pembroke Exchange St,43.13246,-71.458246,MERRIMACK,['SO2']
330150014,Portsmouth,43.075371,-70.748017,ROCKINGHAM,"['PM10', 'OZONE', 'PM2.5', 'SO2']"
330150016,Odiorne State Park,43.045269,-70.713958,ROCKINGHAM,['OZONE']
340010006,Brigantine,39.46487,-74.448738,ATLANTIC,"['OZONE', 'PM2.5', 'SO2']"
340030006,Leonia,40.870438,-73.991997,BERGEN,['OZONE']
340030010,Fort Lee Near Road,40.85355,-73.9661,BERGEN,"['NO2', 'CO', 'PM2.5']"
340051001,Burlington,0,-74.857697,BURLINGTON,"['PM10', 'PM2.5']"
340070002,Camden Spruce St,39.934446,-75.125291,CAMDEN,"['NO2', 'CO', 'PM2.5', 'SO2', 'OZONE']"
340110007,Millville,39.422272,-75.0252,CUMBERLAND,"['NO2', 'OZONE', 'PM2.5']"
340150002,Clarksboro,39.800339,-75.21212,GLOUCESTER,['OZONE']
340170006,Bayonne,40.67025,-74.126083,HUDSON,"['NO2', 'OZONE', 'SO2']"
340171002,Jersey City,40.731689,-74.066566,HUDSON,"['NO2', 'CO', 'SO2']"
340171003,Jersey City FH,40.725452,-74.052292,HUDSON,['PM2.5']
340190001,Flemington,40.515251,-74.806755,HUNTERDON,"['OZONE', 'PM2.5']"
340210005,Rider University,40.283092,-74.742645,MERCER,"['OZONE', 'PM2.5']"
340210008,Trenton,40.222421,-74.763167,MERCER,"['OZONE', 'PM2.5', 'SO2']"
340219991,Wash. Crossing,40.3125,-74.8729,MERCER,['OZONE']
340230011,Rutgers University,40.462181,-74.429436,MIDDLESEX,"['NO2', 'OZONE', 'PM2.5']"
340250005,Monmouth University,40.277645,-74.005096,MONMOUTH,['OZONE']
340273001,Chester,40.787628,-74.6763,MORRIS,"['NO2', 'OZONE', 'PM2.5', 'SO2']"
340290006,Colliers Mills,40.064846,-74.444061,OCEAN,['OZONE']
340292002,Toms River,39.994908,-74.170447,OCEAN,['PM2.5']
340310005,Paterson,40.918381,-74.168092,PASSAIC,['PM2.5']
340315001,Ramapo,41.058617,-74.255547,PASSAIC,['OZONE']
340390003,Elizabeth,40.662388,-74.214813,UNION,"['CO', 'SO2']"
340390004,Elizabeth Trailer,40.641441,-74.208366,UNION,"['NO2', 'CO', 'PM2.5', 'SO2']"
340392003,Rahway PM,40.603943,-74.276176,UNION,['PM2.5']
340410007,Columbia,40.924606,-75.067825,WARREN,"['NO2', 'OZONE', 'PM2.5', 'SO2']"
350010023,Del Norte,35.1353,-106.584702,BERNALILLO,"['NO2', 'CO', 'PM2.5', 'PM10', 'SO2', 'OZONE']"
350010026,Jefferson,35.1441,-106.6044,BERNALILLO,"['PM10', 'PM2.5']"
350010029,South Valley,35.0186,-106.651901,BERNALILLO,"['NO2', 'CO', 'PM2.5', 'PM10', 'OZONE']"
350011012,Tramway,35.185,-106.5077,BERNALILLO,"['PM10', 'OZONE', 'PM2.5']"
350011013,North Valley,35.187801,-106.603897,BERNALILLO,"['PM10', 'PM2.5']"
350130008,La Union,31.9306,-106.6306,DONA ANA,['OZONE']
350130016,Anthony,32.0036,-106.5992,DONA ANA,"['PM10', 'PM2.5']"
350130019,Holman Rd,32.4247,-106.6742,DONA ANA,['PM10']
350130020,Chaparral,32.0411,-106.4092,DONA ANA,"['PM10', 'OZONE']"
350130021,Desert View,31.7961,-106.5839,DONA ANA,"['PM10', 'NO2', 'OZONE']"
350130022,Santa Teresa,31.7878,-106.6828,DONA ANA,"['NO2', 'OZONE', 'PM2.5']"
350130023,Solano Drive,32.3169,-106.7669,DONA ANA,['OZONE']
350130024,West Mesa,32.11,-106.51,DONA ANA,['PM10']
350130025,Las Cruces ED,32.310332,-106.751211,DONA ANA,['PM2.5']
350151005,Carlsbad,32.38,-104.2622,EDDY,"['NO2', 'OZONE']"
350250008,Hobbs Jefferson,32.7267,-103.1233,LEA,"['NO2', 'OZONE', 'PM2.5']"
350290003,7E Deming Airport,32.2558,-107.7228,LUNA,['PM10']
350431001,Bernalillo,35.2994,-106.5483,SANDOVAL,['OZONE']
350450009,Bloomfield,36.7422,-107.9769,SAN JUAN,"['NO2', 'OZONE', 'SO2']"
350450018,Navajo Lake,36.8097,-107.6517,SAN JUAN,"['NO2', 'OZONE']"
350451005,Substation,36.7969,-108.4725,SAN JUAN,"['PM10', 'NO2', 'OZONE', 'SO2']"
350490021,Santa Fe Airport,35.6198,-106.0797,SANTA FE,"['OZONE', 'PM2.5']"
350550005,Taos Fire Station,36.3833,-105.5833,TAOS,['PM2.5']
350610008,2LL Los Lunas,34.8147,-106.7397,VALENCIA,['OZONE']
360010012,Loudonville,42.6769,-73.7556,ALBANY,['OZONE']
360050080,Morrisania,40.8367,-73.9214,BRONX,['PM2.5']
360050110,Bronx - IS52,40.816101,-73.902199,BRONX,"['PM10', 'OZONE', 'PM2.5']"
360050112,Bronx - IS74,40.814701,-73.886703,BRONX,['PM2.5']
360050133,Pfizer Lab,40.868,-73.8782,BRONX,['OZONE']
360130006,Dunkirk,42.4992,-79.32,CHAUTAUQUA,['OZONE']
360270007,Millbrook,41.7856,-73.6947,DUTCHESS,['OZONE']
360290002,Amherst,42.9925,-78.7764,ERIE,['OZONE']
360290023,Buffalo Near-road,42.92111,-78.76611,ERIE,['PM2.5']
360291014,Tonawanda II,42.9981,-78.8993,ERIE,['PM2.5']
360310003,Whiteface Mtn,44.39308,-73.8589,ESSEX,"['OZONE', 'PM2.5']"
360410005,Piseco Lake,43.4556,-74.515,HAMILTON,['OZONE']
360450002,Perch River,44.0878,-75.9744,JEFFERSON,['OZONE']
360470052,Bklyn - PS 314,40.641819,-74.018707,KINGS,['PM2.5']
360470118,Bklyn - PS274,40.694401,-73.928596,KINGS,['PM2.5']
360550015,Rochester Near-road,43.145021,-77.557608,MONROE,['PM2.5']
360590005,Eisenhower Park,40.7447,-73.5869,NASSAU,['PM2.5']
360610115,Manhattan/IS143,40.8492,-73.9319,NEW YORK,['PM2.5']
360610135,CCNY,40.8197,-73.9481,NEW YORK,"['OZONE', 'PM2.5']"
360631006,Middleport,43.2189,-78.4792,NIAGARA,['OZONE']
360652001,Utica,43.0994,-75.225,ONEIDA,['PM2.5']
360671015,E Syracuse,43.0528,-76.0597,ONONDAGA,"['OZONE', 'PM2.5']"
360710002,Newburgh,41.4994,-74.0097,ORANGE,['PM2.5']
360750003,Fulton,43.284279,-76.46318,OSWEGO,['OZONE']
360790005,Mt Ninham,41.4561,-73.7103,PUTNAM,['OZONE']
360810120,Maspeth,40.7269,-73.8933,QUEENS,['PM2.5']
360810124,Queens,40.7375,-73.8244,QUEENS,"['OZONE', 'PM2.5']"
360810125,Queens Near-road,40.739264,-73.817694,QUEENS,['PM2.5']
360850055,Port Richmond,40.63306,-74.137156,RICHMOND,['PM2.5']
360850111,Fresh Kills,40.5802,-74.1994,RICHMOND,"['OZONE', 'PM2.5']"
360870005,Rockland Cty,41.182079,-74.028191,ROCKLAND,"['OZONE', 'PM2.5']"
360910004,Stillwater,43.0122,-73.6492,SARATOGA,['OZONE']
361010003,Pinnacle State Park,42.0972,-77.2103,STEUBEN,"['OZONE', 'PM2.5', 'SO2']"
361030002,Babylon,40.7356,-73.4061,SUFFOLK,['OZONE']
361030004,Riverhead,40.9617,-72.715,SUFFOLK,['OZONE']
361030009,Holtsville,40.8278,-73.0575,SUFFOLK,"['OZONE', 'PM2.5']"
361030044,Flax Pond,40.961015,-73.13913,SUFFOLK,"['NO2', 'OZONE']"
361099991,Connecticut Hill,42.4006,-76.6538,TOMPKINS,['OZONE']
361173001,Williamson,43.2303,-77.1728,WAYNE,['OZONE']
361192004,White Plains,41.0522,-73.7642,WESTCHESTER,"['OZONE', 'PM2.5']"
370110002,Linville Falls,35.972347,-81.933072,AVERY,['OZONE']
370130151,BAYVIEW,35.428,-76.74,BEAUFORT,['SO2']
370210030,BNTCR,35.5,-82.6,BUNCOMBE,['OZONE']
370210034,BDED,35.6062,-82.5844,BUNCOMBE,['PM2.5']
370270003,LENOIR,35.9359,-81.5306,CALDWELL,"['OZONE', 'SO2']"
370319991,Beaufort,34.8848,-76.6203,CARTERET,['OZONE']
370330001,CHERRYGR,36.307033,-79.467417,CASWELL,"['PM10', 'OZONE']"
370350004,HICKORY,35.728889,-81.365556,CATAWBA,['PM2.5']
370510009,W OWEN SCH,35.041416,-78.953112,CUMBERLAND,"['PM10', 'PM2.5']"
370510010,Honeycutt,35.002197,-78.991941,CUMBERLAND,['OZONE']
370510011,Wade School,35.1487,-78.7068,CUMBERLAND,['OZONE']
370570002,LWATTOWR,35.8145,-80.2627,DAVIDSON,['PM2.5']
370630015,Durham Armory,36.032955,-78.904037,DURHAM,"['PM10', 'OZONE', 'PM2.5', 'SO2']"
370630099,Burdens Creek,35.889402,-78.8747,DURHAM,"['PM10', 'OZONE', 'PM2.5']"
370650099,LEGGETT,35.988278,-77.5843,EDGECOMBE,"['OZONE', 'PM2.5']"
370670022,Hattie Avenue,36.1106,-80.2267,FORSYTH,"['NO2', 'PM2.5', 'PM10', 'SO2', 'OZONE']"
370670030,Clemmons Middle,36.0261,-80.3419,FORSYTH,"['OZONE', 'PM2.5']"
370671008,Union Cross,36.0508,-80.143898,FORSYTH,['OZONE']
370750001,JOANBOLD,35.2578,-83.7955,GRAHAM,['OZONE']
370770001,BUTNER,36.141111,-78.768056,GRANVILLE,['OZONE']
370810013,MENDNHAL,36.109006,-79.802314,GUILFORD,"['PM10', 'OZONE', 'PM2.5']"
370870008,WNVLELSC,35.507224,-82.963625,HAYWOOD,['OZONE']
370870013,Canton DRR,35.534,-82.853,HAYWOOD,['SO2']
370870035,FRYPAN,35.379167,-82.7925,HAYWOOD,['OZONE']
370870036,PURCHASE,35.587144,-83.074156,HAYWOOD,['OZONE']
371010002,JOHNSTON,35.59095,-78.4622,JOHNSTON,"['OZONE', 'PM2.5']"
371070004,LENOIRCOLL,35.231459,-77.568792,LENOIR,['OZONE']
371090004,CROUSE,35.438556,-81.27675,LINCOLN,['OZONE']
371139991,Coweeta,35.0608,-83.4306,MACON,['OZONE']
371170001,JAMESVIL,35.81066,-76.906249,MARTIN,"['PM10', 'OZONE', 'SO2']"
371190041,GARINGER,35.2411,-80.7831,MECKLENBURG,"['NO2', 'CO', 'PM2.5', 'PM10', 'SO2', 'OZONE']"
371190045,Remount,35.213171,-80.874084,MECKLENBURG,"['NO2', 'CO', 'PM2.5']"
371190046,University Meadows,35.314158,-80.713469,MECKLENBURG,['OZONE']
371190047,Ramblewood Park,35.123954,-80.907577,MECKLENBURG,['PM10']
371190048,Friendship Park,35.281791,-80.851473,MECKLENBURG,['PM2.5']
371210004,Spruce Pine,35.912487,-82.062082,MITCHELL,['PM2.5']
371230001,Candor FRO,35.263165,-79.836636,MONTGOMERY,['PM2.5']
371239991,Candor,35.26,-79.84,MONTGOMERY,['OZONE']
371290002,CASTLE H,34.364167,-77.838611,NEW HANOVER,"['PM10', 'OZONE', 'PM2.5']"
371310003,Northampton,36.511708,-77.655389,NORTHAMPTON,"['NO2', 'PM2.5']"
371450003,BUSHYFRK,36.306965,-79.09197,PERSON,['OZONE']
371470006,PITTAGCT,35.641276,-77.360126,PITT,"['OZONE', 'PM2.5']"
371570099,BETHANY,36.308889,-79.859167,ROCKINGHAM,"['OZONE', 'SO2']"
371590021,ROCKWELL,35.551868,-80.395039,ROWAN,"['NO2', 'OZONE', 'PM2.5']"
371730002,BRYSON,35.434767,-83.442133,SWAIN,"['OZONE', 'PM2.5']"
371790003,MONROEMS,34.973889,-80.540833,UNION,['OZONE']
371830014,Millbrook NCore,35.856111,-78.574167,WAKE,"['NO2', 'CO', 'PM2.5', 'PM10', 'SO2', 'OZONE']"
371990004,Mt Mitchell,35.765413,-82.264944,YANCEY,['OZONE']
380130004,Lostwood NWR,48.641899,-102.402199,BURKE,"['NO2', 'PM2.5', 'PM10', 'SO2', 'OZONE']"
380150003,Bismarck Residential,46.8253,-100.7681,BURLEIGH,"['NO2', 'CO', 'PM2.5', 'PM10', 'SO2', 'OZONE']"
380171004,Fargo NW,46.933601,-96.854698,CASS,"['NO2', 'OZONE', 'PM2.5', 'SO2']"
380250004,Lake Ilo,47.342589,-102.645997,DUNN,"['NO2', 'PM2.5', 'PM10', 'SO2', 'OZONE']"
380530002,TRNP-NU,47.6011,-103.2642,MC KENZIE,"['NO2', 'PM2.5', 'PM10', 'SO2', 'OZONE']"
380570004,Beulah North,47.2986,-101.7669,MERCER,"['NO2', 'PM2.5', 'PM10', 'SO2', 'OZONE']"
380650002,Hannover,47.1858,-101.4281,OLIVER,"['NO2', 'OZONE', 'PM2.5', 'SO2']"
381010003,RYDER,47.940861,-101.571583,WARD,"['NO2', 'PM2.5', 'PM10', 'SO2', 'OZONE']"
390030009,Lima,40.771,-84.0539,ALLEN,"['OZONE', 'PM2.5', 'SO2']"
390071001,Conneaut,41.959695,-80.572808,ASHTABULA,['OZONE']
390130006,Shadyside,39.9679,-80.7464,BELMONT,"['NO2', 'SO2']"
390170018,Middletown Airport,39.529481,-84.393364,BUTLER,['OZONE']
390170019,Amanda Elem,39.478849,-84.407675,BUTLER,['SO2']
390170020,Yankee,39.472436,-84.394952,BUTLER,['SO2']
390170021,Made,39.464718,-84.403774,BUTLER,['SO2']
390170023,Crawford Woods,39.384671,-84.540537,BUTLER,['OZONE']
390179991,Oxford,39.5327,-84.7286,BUTLER,['OZONE']
390230001,Springfield Well Fd,40.00103,-83.80456,CLARK,['OZONE']
390230003,Mud Run,39.85567,-83.99773,CLARK,['OZONE']
390230005,Springfield Fire St1,39.92882,-83.80949,CLARK,['PM2.5']
390250022,Batavia,39.0828,-84.1441,CLERMONT,"['OZONE', 'PM2.5']"
390271002,Wilmington,39.430038,-83.788502,CLINTON,['OZONE']
390350034,District 6,41.55523,-81.575256,CUYAHOGA,['OZONE']
390350038,St Theodosius,41.477011,-81.682383,CUYAHOGA,"['PM2.5', 'SO2']"
390350060,GT Craig NCore PAMS,41.492191,-81.678552,CUYAHOGA,"['NO2', 'CO', 'PM10', 'SO2', 'OZONE']"
390350064,Berea BOE,41.36189,-81.864608,CUYAHOGA,['OZONE']
390350065,Harvard Yards,41.446682,-81.662419,CUYAHOGA,['SO2']
390355002,Mayfield,41.537041,-81.458889,CUYAHOGA,['OZONE']
390410002,Delaware,40.356694,-83.063971,DELAWARE,['OZONE']
390490038,Smoky Row Near Road,40.11109,-83.065376,FRANKLIN,"['NO2', 'CO', 'PM2.5']"
390490081,Maple Canyon,40.087807,-82.959585,FRANKLIN,['OZONE']
390530006,Guiding Hand,38.949976,-82.110097,GALLIA,['SO2']
390550004,Notre Dame,41.515051,-81.249906,GEAUGA,['OZONE']
390570006,Xenia,39.66575,-83.94285,GREENE,['OZONE']
390610006,Sycamore,39.2787,-84.36612,HAMILTON,"['OZONE', 'PM2.5']"
390610010,Colerain,39.21494,-84.69086,HAMILTON,"['OZONE', 'PM2.5', 'SO2']"
390610040,Taft NCore PAMS,39.12886,-84.50404,HAMILTON,"['NO2', 'CO', 'PM2.5', 'PM10', 'SO2', 'OZONE']"
390610042,Lower Price Hill,39.10492,-84.55117,HAMILTON,['PM2.5']
390610048,Cincinnati Near Road,39.146025,-84.538375,HAMILTON,"['NO2', 'CO', 'PM2.5']"
390630005,Sunny Farms West,0.410931,-83.423448,HANCOCK,['SO2']
390810017,Steubenville,40.366452,-80.615691,JEFFERSON,"['OZONE', 'PM2.5', 'SO2']"
390830003,Centerburg WWTP,40.27886,-82.67956,KNOX,['OZONE']
390850003,Eastlake,41.673006,-81.422455,LAKE,['OZONE']
390850007,Painesville,41.726811,-81.242156,LAKE,"['OZONE', 'PM2.5', 'SO2']"
390870011,Wilgus,38.62901,-82.45886,LAWRENCE,['OZONE']
390870012,ODOT Ironton,38.508114,-82.659301,LAWRENCE,"['OZONE', 'PM2.5', 'SO2']"
390890005,Heath,40.026037,-82.433,LICKING,['OZONE']
390890008,Reynoldsburg,39.954475,-82.758875,LICKING,['OZONE']
390930018,Sheffield,41.420882,-82.095729,LORAIN,['OZONE']
390950024,Erie,41.644067,-83.54625,LUCAS,"['OZONE', 'PM2.5']"
390950027,Waterville,41.494174,-83.718944,LUCAS,['OZONE']
390950035,Cooley,41.669001,-83.28717,LUCAS,['OZONE']
390970007,London,39.78819,-83.47606,MADISON,"['OZONE', 'PM2.5']"
390990015,Youngstown State,41.106182,-80.640576,MAHONING,"['OZONE', 'PM2.5', 'SO2']"
391030004,Chippewa,41.0604,-81.9239,MEDINA,"['OZONE', 'PM2.5']"
391090005,Miami East HS,40.08455,-84.11412,MIAMI,['OZONE']
391130038,Sinclair,39.758235,-84.197375,MONTGOMERY,['PM2.5']
391150004,Hackney,39.632301,-81.670097,MORGAN,['SO2']
391219991,Quaker City,39.9428,-81.3373,NOBLE,['OZONE']
391331001,Lake Rockwell,41.182466,-81.330486,PORTAGE,['OZONE']
391351001,Preble NCore,39.83562,-84.72049,PREBLE,"['OZONE', 'CO', 'PM2.5', 'SO2']"
391510016,Malone Univ,40.828052,-81.378333,STARK,['OZONE']
391510020,Canton,40.800717,-81.373,STARK,['PM2.5']
391510022,Brewster,40.712778,-81.598333,STARK,['OZONE']
391514005,Alliance,40.931398,-81.123519,STARK,['OZONE']
391530017,East HS,41.063526,-81.468956,SUMMIT,"['PM2.5', 'SO2']"
391530026,North HS,41.103028,-81.496253,SUMMIT,['OZONE']
391550011,TCSE,41.240537,-80.662759,TRUMBULL,['OZONE']
391550013,Kinsman Maintenance,41.45465,-80.58841,TRUMBULL,['OZONE']
391550014,Laird Eng Bldg,41.23172,-80.80116,TRUMBULL,['PM2.5']
391670004,Marietta WTP,39.432093,-81.460402,WASHINGTON,['OZONE']
391670011,Globe,39.58427,-81.67015,WASHINGTON,['SO2']
391730003,Bowling Green,41.377685,-83.611104,WOOD,['OZONE']
400170101,Yukon,35.4794,-97.7508,CANADIAN,['OZONE']
400190096,Choctaw,35.477798,-97.3022,CARTER,['OZONE']
400190297,Healdton,34.256901,-97.474197,CARTER,"['PM10', 'OZONE', 'PM2.5']"
400270049,Moore,35.32,-97.4883,CLEVELAND,"['PM10', 'OZONE', 'PM2.5']"
400310651,Lawton North,34.632999,-98.428802,COMANCHE,"['PM10', 'OZONE', 'PM2.5']"
400370144,Mannford,36.1053,-96.3608,CREEK,['OZONE']
400430860,Seiling,36.1589,-98.9353,DEWEY,"['PM10', 'OZONE', 'PM2.5']"
400470555,Kremlin,36.512293,-97.845627,GARFIELD,['SO2']
400670671,Waurika,34.2267,-98.036697,JEFFERSON,['OZONE']
400690324,Tishomingo,34.198875,-96.67308,JOHNSTON,['OZONE']
400710602,Ponca City,36.704201,-97.087502,KAY,"['PM10', 'PM2.5', 'SO2']"
400750711,Great Plains,34.745832,-98.967698,KIOWA,['OZONE']
400871074,Kessler,34.984686,-97.522753,MC CLAIN,['OZONE']
400979014,PRYOR,36.228298,-95.25,MAYES,['OZONE']
401050207,Union,36.918242,-95.632127,NOWATA,"['PM10', 'OZONE', 'PM2.5']"
401090097,Near Road OKC,35.502968,-97.577674,OKLAHOMA,"['PM10', 'NO2', 'CO', 'PM2.5']"
401091037,North OKC,35.612801,-97.472198,OKLAHOMA,"['NO2', 'CO', 'PM2.5', 'PM10', 'SO2', 'OZONE']"
401130226,Skiatook,36.35586,-96.01243,OSAGE,['OZONE']
401210415,McAlester,34.906082,-95.794128,PITTSBURG,"['PM10', 'OZONE', 'PM2.5']"
401239030,Mobile - Chickasaw,34.776389,-96.677778,PONTOTOC,"['PM10', 'OZONE', 'PM2.5']"
401359021,ROLAND,35.408138,-94.524414,SEQUOYAH,"['NO2', 'OZONE', 'PM2.5']"
401430174,Glenpool,35.9525,-96.0033,TULSA,"['PM10', 'OZONE', 'PM2.5']"
401430175,Tulsa 0175,36.149876,-96.011665,TULSA,['SO2']
401430178,Lynn Lane,36.1336,-95.7636,TULSA,['OZONE']
401431127,Tulsa,36.206699,-95.976402,TULSA,"['NO2', 'CO', 'PM2.5', 'PM10', 'SO2', 'OZONE']"
410030014,Corvallis EPA Office,44.565803,-123.292706,BENTON,['PM2.5']
410150002,Brookings CPFA,42.054597,-124.276768,CURRY,['PM2.5']
410170120,Bend - Pump Station,44.063916,-121.312554,DESCHUTES,['PM2.5']
410171001,Redmond High School,44.275,-121.1905,DESCHUTES,['PM2.5']
410190004,Roseburg Fire Dept,43.152911,-123.382212,DOUGLAS,['PM2.5']
410230002,John Day Dayton St,44.417999,-118.951302,GRANT,['PM2.5']
410290201,Talent - Rapp Lane,42.229891,-122.7877,JACKSON,"['OZONE', 'PM2.5']"
410290203,Ashland Fire Dept,42.1941,-122.7086,JACKSON,['PM2.5']
410291002,Medford MTV,42.341987,-122.9102,JACKSON,
410352040,Chiloquin,42.541077,-121.921636,KLAMATH,['PM2.5']
410390059,Eugene - Highway 99,44.067223,-123.14135,LANE,['PM2.5']
410390060,Eugene - Amazon Park,44.0263,-123.08377,LANE,"['OZONE', 'PM2.5']"
410390101,Eugene - Wilkes Dr.,44.1158,-123.12107,LANE,['PM2.5']
410430104,Mill City,44.752092,-122.479672,LINN,['PM2.5']
410432003,Lyons,44.778743,-122.617048,LINN,['PM2.5']
410470004,Turner - CJHS,44.81029,-122.915085,MARION,"['OZONE', 'PM2.5']"
410470007,Silverton,45.014998,-122.790382,MARION,['PM2.5']
410470123,Detroit Lake,44.728314,-122.182756,MARION,['PM2.5']
410610120,Cove - City Hall,45.300884,-117.812896,UNION,['PM2.5']
410670005,Portland Near Road,45.39916,-122.7455,WASHINGTON,"['CO', 'NO2', 'OZONE', 'PM2.5']"
420010001,Arendtsville,39.9233,-77.3081,ADAMS,"['OZONE', 'PM2.5']"
420030002,Avalon,40.499789,-80.071347,ALLEGHENY,['PM2.5']
420030008,Lawrenceville,40.4656,-79.9611,ALLEGHENY,"['OZONE', 'PM2.5']"
420030064,Liberty (SAHS),40.323898,-79.868301,ALLEGHENY,['PM2.5']
420030067,South Fayette,40.381901,-80.1856,ALLEGHENY,['OZONE']
420031008,Harrison Township,40.613864,-79.729569,ALLEGHENY,['OZONE']
420031301,North Braddock,40.402267,-79.860942,ALLEGHENY,['PM2.5']
420033007,Clairton,40.294381,-79.885303,ALLEGHENY,['PM2.5']
420050001,Kittanning,40.8142,-79.565,ARMSTRONG,"['OZONE', 'PM2.5']"
420070005,Brighton Township,40.6847,-80.3597,BEAVER,['OZONE']
420070008,Fort McIntosh,40.691857,-80.299211,BEAVER,"['OZONE', 'PM2.5']"
420070014,Beaver Falls,40.747799,-80.316704,BEAVER,"['OZONE', 'PM2.5']"
420110006,Kutztown,40.51408,-75.789703,BERKS,['OZONE']
420110011,Reading Airport,40.3833,-75.9686,BERKS,"['OZONE', 'PM2.5']"
420130801,Altoona,40.515,-78.3889,BLAIR,"['OZONE', 'PM2.5']"
420150011,Towanda,41.705226,-76.512726,BRADFORD,"['OZONE', 'PM2.5']"
420210011,Johnstown,40.3097,-78.9158,CAMBRIA,"['OZONE', 'PM2.5']"
420270100,State College,40.8114,-77.8769,CENTRE,"['OZONE', 'PM2.5']"
420279991,Penn State,40.7208,-77.9319,CENTRE,['OZONE']
420290100,New Garden,39.8344,-75.7678,CHESTER,"['OZONE', 'PM2.5']"
420410101,Carlisle,40.2464,-77.1867,CUMBERLAND,['PM2.5']
420430401,Harrisburg,40.246992,-76.846988,DAUPHIN,"['OZONE', 'PM2.5']"
420431100,Hershey,40.2722,-76.6814,DAUPHIN,['OZONE']
420450109,Marcus Hook,39.818715,-75.413973,DELAWARE,['PM2.5']
420479991,Kane Exp. Forest,41.598,-78.7674,ELK,['OZONE']
420510524,Uniontown,39.917663,-79.805499,FAYETTE,"['OZONE', 'PM2.5']"
420550001,Methodist Hill,39.9611,-77.4756,FRANKLIN,['OZONE']
420590002,Holbrook,39.82,-80.2897,GREENE,"['OZONE', 'PM2.5']"
420630004,Strongstown,40.5633,-78.92,INDIANA,"['OZONE', 'PM2.5']"
420690101,Peckville,41.4789,-75.5781,LACKAWANNA,['OZONE']
420692006,Scranton,41.4428,-75.6231,LACKAWANNA,"['OZONE', 'PM2.5']"
420710012,Lancaster DW,40.0439,-76.1125,LANCASTER,"['OZONE', 'PM2.5']"
420730015,New Castle,40.9958,-80.3467,LAWRENCE,['OZONE']
420770004,Allentown,40.6119,-75.4325,LEHIGH,"['OZONE', 'PM2.5']"
420810100,Montoursville,41.2508,-76.9239,LYCOMING,['OZONE']
420850100,Farrell,41.215,-80.485,MERCER,"['OZONE', 'PM2.5']"
420859991,M.K. Goddard,41.4271,-80.1451,MERCER,['OZONE']
420890002,Swiftwater,41.083099,-75.3283,MONROE,['OZONE']
420910013,Norristown,40.1122,-75.3092,MONTGOMERY,"['OZONE', 'PM2.5']"
420950025,Freemansburg,40.6281,-75.3411,NORTHAMPTON,"['OZONE', 'PM2.5']"
421010004,LABP,40.00892,-75.09777,PHILADELPHIA,['OZONE']
421010024,NEA,40.0767,-75.0108,PHILADELPHIA,['OZONE']
421010048,NEW,39.991389,-75.080833,PHILADELPHIA,"['NO2', 'CO', 'PM2.5', 'PM10', 'SO2', 'OZONE']"
421010055,RIT,39.922516,-75.186783,PHILADELPHIA,"['PM2.5', 'SO2']"
421010057,FAB,39.9603,-75.1424,PHILADELPHIA,['PM2.5']
421010075,TOR,40.054171,-74.985166,PHILADELPHIA,"['NO2', 'CO', 'PM2.5']"
421010076,MON,39.988842,-75.207205,PHILADELPHIA,"['NO2', 'CO']"
421119991,Laurel Hill,39.9878,-79.2514,SOMERSET,['OZONE']
421174000,Tioga County,41.6447,-76.9392,TIOGA,"['OZONE', 'PM2.5']"
421250005,Charleroi,40.1469,-79.9033,WASHINGTON,"['OZONE', 'PM2.5']"
421255001,Florence,40.4447,-80.42,WASHINGTON,"['OZONE', 'PM2.5']"
421255200,Houston,40.269,-80.244,WASHINGTON,"['OZONE', 'PM2.5']"
421290008,Greensburg,40.3053,-79.5061,WESTMORELAND,"['OZONE', 'PM2.5']"
421330008,York,39.9653,-76.6994,YORK,"['OZONE', 'PM2.5']"
421330011,York DW,39.8608,-76.4619,YORK,['OZONE']
440030002,W Greenwich,41.615,-71.7197,KENT,"['OZONE', 'PM2.5']"
440070022,CCRI Providence,41.807523,-71.41392,PROVIDENCE,['PM2.5']
440071010,E Providence,41.840302,-71.361702,PROVIDENCE,"['NO2', 'CO', 'PM2.5', 'SO2', 'OZONE']"
440090007,Narragansett,41.4942,-71.4219,WASHINGTON,"['OZONE', 'PM2.5']"
450030003,Jackson,33.342201,-81.788597,AIKEN,"['OZONE', 'PM2.5']"
450070006,Garrison Arena,34.635958,-82.810667,ANDERSON,['OZONE']
450151002,Moncks Corner,33.183016,-80.030712,BERKELEY,['OZONE']
450190003,Jenkins Avenue,32.88229,-79.977539,CHARLESTON,"['PM10', 'NO2', 'SO2']"
450190046,Cape Romain,32.941002,-79.656998,CHARLESTON,"['NO2', 'OZONE', 'PM2.5']"
450250001,Chesterfield,34.615299,-80.198898,CHESTERFIELD,"['OZONE', 'PM2.5']"
450310003,Pee Dee,34.285599,-79.744698,DARLINGTON,['OZONE']
450450015,Greenville-ESC,34.843899,-82.414597,GREENVILLE,"['PM10', 'NO2', 'PM2.5', 'SO2']"
450450016,Hillcrest,34.751801,-82.256699,GREENVILLE,['OZONE']
450510008,Coastal Carolina,33.8005,-78.9941,HORRY,"['OZONE', 'PM2.5']"
450630010,Cayce City Hall,33.969145,-81.06629,LEXINGTON,['PM10']
450790007,Parklane,34.093899,-80.962196,RICHLAND,"['OZONE', 'CO', 'PM2.5', 'SO2']"
450790021,Congaree Bluff,33.814701,-80.781097,RICHLAND,['OZONE']
450790022,Irmo DJJ,34.075687,-81.124988,RICHLAND,['PM2.5']
450791001,Sandhill,34.1311,-80.868301,RICHLAND,"['NO2', 'OZONE']"
450830009,North Spartanburg FS,34.988602,-82.0756,SPARTANBURG,['OZONE']
450830011,TK Gregg,34.955601,-81.924797,SPARTANBURG,['PM2.5']
450910008,York Landfill,34.977,-81.207,YORK,"['OZONE', 'SO2']"
460110003,Research Farm,44.348604,-96.807299,BROOKINGS,"['PM10', 'OZONE', 'PM2.5']"
460130004,Aberdeen,45.468596,-98.494061,BROWN,"['PM10', 'PM2.5']"
460270001,Vermillion,42.789453,-96.903867,CLAY,"['OZONE', 'PM2.5']"
460290002,Watertown,44.89965,-97.128802,CODINGTON,"['PM10', 'OZONE', 'PM2.5']"
460330132,WIND CAVE,43.557613,-103.483658,CUSTER,"['PM10', 'OZONE', 'PM2.5']"
460650003,Pierre,44.373786,-100.287269,HUGHES,['PM2.5']
460710001,Badlands,43.746944,-101.941109,JACKSON,"['PM10', 'OZONE', 'PM2.5']"
460990009,SF-USD,43.59901,-96.78331,MINNEHAHA,"['PM10', 'OZONE', 'PM2.5']"
461030020,Credit Union,44.087397,-103.273777,PENNINGTON,"['PM10', 'PM2.5']"
470010101,Freels,35.965,-84.223099,ANDERSON,['OZONE']
470090101,Look Rock - GSMNP,35.63346,-83.94158,BLOUNT,"['OZONE', 'CO', 'PM2.5']"
470090102,Cades Cove - GSMNP,35.6031,-83.7836,BLOUNT,['OZONE']
470259991,Speedwell,36.47,-83.83,CLAIBORNE,['OZONE']
470370011,EAST HEALTH CENTER,36.2047,-86.7444,DAVIDSON,['OZONE']
470370023,LOCKELAND,36.1767,-86.7386,DAVIDSON,['PM2.5']
470370026,PERCY PRIEST DAM,36.1506,-86.6211,DAVIDSON,['OZONE']
470419991,Edgar Evins,36.0388,-85.7331,DE KALB,['OZONE']
470450004,DYERSBURG,36.0528,-89.3819,DYER,['PM2.5']
470651011,Soddy Daisy,35.14,-85.1697,HAMILTON,['OZONE']
470654002,Riverside,35.0508,-85.2931,HAMILTON,['PM2.5']
470654003,Eastside,35.1028,-85.1622,HAMILTON,['OZONE']
470890002,NMARKET,36.1144,-83.6014,JEFFERSON,['OZONE']
470930021,EASTKNOX,36.085,-83.7644,KNOX,['OZONE']
470931013,AIR LAB,35.9803,-83.9306,KNOX,['PM2.5']
470931017,Rule,35.97773,-83.9504,KNOX,['PM2.5']
470931020,SPRINGHILL,36.0183,-83.8761,KNOX,"['OZONE', 'PM2.5']"
470990003,Loretto,35.116866,-87.419726,LAWRENCE,['PM2.5']
471050109,LOUDONMS,35.7197,-84.3417,LOUDON,"['OZONE', 'PM2.5']"
471071002,ATHENS,35.4511,-84.5992,MC MINN,['PM2.5']
471250009,Clarksville,36.51282,-87.331,MONTGOMERY,['PM2.5']
471410005,Cookeville,36.1857,-85.4921,PUTNAM,['PM2.5']
471450004,Harriman,35.9386,-84.5439,ROANE,['PM2.5']
471570021,FRAYSER,35.2175,-90.0194,SHELBY,['OZONE']
471570075,SHELBY FARMS,35.151588,-89.85022,SHELBY,"['OZONE', 'PM2.5']"
471571004,ORGILL,35.3772,-89.8319,SHELBY,['OZONE']
471631007,Kingsport,36.5408,-82.5217,SULLIVAN,['PM2.5']
471632002,BVILLE,36.5408,-82.4258,SULLIVAN,['OZONE']
471632003,KSPORT,36.5819,-82.4858,SULLIVAN,['OZONE']
471636002,Skyland Drive,36.52102,-82.516306,SULLIVAN,['SO2']
471636003,Andrew Johnson Elem.,36.526416,-82.528679,SULLIVAN,['SO2']
471636004,Happy Hill,36.513052,-82.550459,SULLIVAN,['SO2']
471650007,HVILLE,36.2975,-86.6525,SUMNER,"['OZONE', 'PM2.5']"
471870106,FVIEW,35.9514,-87.1375,WILLIAMSON,['OZONE']
471890103,CEDARS,36.0603,-86.2861,WILSON,['OZONE']
480131090,Von Ormy Highway 16,29.162942,-98.589126,ATASCOSA,['PM2.5']
480211612,Bastrop C1612,30.108222,-97.293741,BASTROP,['OZONE']
480211613,Elgin C1613,30.347808,-97.378508,BASTROP,['OZONE']
480271045,Temple Georgia C1045,31.122527,-97.431158,BELL,"['OZONE', 'PM2.5']"
480271047,Killeen C1047,31.088002,-97.679734,BELL,['OZONE']
480290052,Camp Bullis C58,29.6322,-98.565002,BEXAR,['OZONE']
480290059,Calaveras Lake C59,29.275299,-98.311699,BEXAR,"['OZONE', 'PM2.5']"
480290502,Fair Oaks Ranch C502,29.73,-98.6256,BEXAR,
480371031,Texarkana New Boston,33.435489,-94.075671,BOWIE,['PM2.5']
480391003,Clute C11,29.0111,-95.3975,BRAZORIA,
480391016,Lake Jackson C1016,29.0436,-95.4736,BRAZORIA,['OZONE']
480430101,Big Bend  NP,29.3025,-103.178101,BREWSTER,"['OZONE', 'PM2.5']"
480551604,Lockhart C1604,29.864581,-97.664869,CALDWELL,['OZONE']
480610006,Brownsville C80,25.8925,-97.4936,CAMERON,['PM2.5']
480710013,Smith Point C96,29.546244,-94.786969,CHAMBERS,
480850005,Frisco C31,33.1325,-96.7861,COLLIN,['OZONE']
480850009,Frisco Eubanks C1010,33.144662,-96.828809,COLLIN,
481130075,Dallas North C63,32.919206,-96.808498,DALLAS,['OZONE']
481211032,Pilot Point C1032,33.4107,-96.9437,DENTON,['OZONE']
481391044,Italy C1044,32.1772,-96.8711,ELLIS,['OZONE']
481410029,Ivanhoe C414,31.7864,-106.3242,EL PASO,['OZONE']
481410044,Chamizal C41,31.7656,-106.455,EL PASO,"['OZONE', 'PM2.5']"
481410047,El Paso Womble C123,31.775942,-106.413177,EL PASO,
481410057,Socorro Hueco C49,31.66752,-106.28774,EL PASO,"['PM10', 'OZONE', 'PM2.5']"
481410058,Skyline Park C72,31.893889,-106.425556,EL PASO,['OZONE']
481411021,Ojo De Agua C1021,31.862441,-106.547562,EL PASO,['OZONE']
481830001,Longview C19/C127,32.378682,-94.711811,GREGG,['OZONE']
482010024,Houston Aldine C8,29.9011,-95.3261,HARRIS,"['OZONE', 'PM2.5']"
482010026,Channelview C15,29.8025,-95.1256,HARRIS,['OZONE']
482010036,Jacinto Port C1036,29.7761,-95.105,HARRIS,
482010047,Lang C408,29.8342,-95.4892,HARRIS,['OZONE']
482010051,Houston Croquet C409,29.6239,-95.4742,HARRIS,['OZONE']
482010057,Galena Park C167,29.73428,-95.238168,HARRIS,
482010058,Baytown C148,29.7708,-95.0311,HARRIS,['PM2.5']
482010061,Shore Acres C145,29.6147,-95.0181,HARRIS,
482010062,Houston Monroe C406,29.6256,-95.2672,HARRIS,['OZONE']
482011017,Baytown Garth C1017,29.823319,-94.983786,HARRIS,['OZONE']
482011034,Houston East C1,29.7681,-95.2206,HARRIS,"['OZONE', 'PM2.5']"
482011035,Clinton C403,29.7339,-95.2575,HARRIS,"['OZONE', 'PM2.5']"
482030002,Karnack C85,32.6706,-94.1681,HARRISON,"['OZONE', 'PM2.5']"
482151046,Edinburg C1046,26.288622,-98.152066,HIDALGO,['PM2.5']
482210001,Granbury C73,32.4419,-97.8033,HOOD,['OZONE']
482271072,Big Spring Midway,32.280278,-101.407222,HOWARD,
482311006,Greenville C1006/198,33.153077,-96.115561,HUNT,['OZONE']
482331073,Borger FM 1559,35.676128,-101.43967,HUTCHINSON,
482450009,Beaumont C2/C112,30.0394,-94.0747,JEFFERSON,['OZONE']
482450014,Groves C119,29.9614,-93.8964,JEFFERSON,
482450017,Port Neches C136,29.9908,-93.9533,JEFFERSON,
482450022,Hamshire C64,29.863952,-94.3178,JEFFERSON,"['OZONE', 'PM2.5']"
482451035,Nederland C1035,29.9786,-94.0111,JEFFERSON,['OZONE']
482451050,Beaumont Mary C1050,30.067316,-94.090912,JEFFERSON,
482510003,Cleburne Airport C77,32.353593,-97.436748,JOHNSON,['OZONE']
482570005,Kaufman C71,32.565,-96.3175,KAUFMAN,"['OZONE', 'PM2.5']"
483031028,Lubbock 12th Street,33.5853,-101.78698,LUBBOCK,['PM2.5']
483091037,Waco C1037,31.6531,-97.0706,MC LENNAN,"['OZONE', 'PM2.5']"
483230004,Eagle Pass C319,28.704607,-100.451155,MAVERICK,['PM2.5']
483390078,Conroe Relocated C78,30.3503,-95.425,MONTGOMERY,"['OZONE', 'PM2.5']"
483390698,Jones Forest C698,30.236111,-95.483055,MONTGOMERY,
483491051,Corsicana C1051,32.0319,-96.3992,NAVARRO,"['OZONE', 'PM2.5']"
483550083,Corpus Christi Palm,27.802885,-97.419881,NUECES,
483611001,West Orange C9/C141,30.0844,-93.7617,ORANGE,['OZONE']
483611083,Orange 1st Street,30.153675,-93.725897,ORANGE,
483670081,Parker County C76,32.8686,-97.9058,PARKER,['OZONE']
483739991,Alabama-Coushatta,30.6681,-94.6739,POLK,['OZONE']
483819991,Palo Duro,34.8803,-101.6649,RANDALL,['OZONE']
483951076,Franklin Oak Grove,31.168889,-96.481944,ROBERTSON,
483970001,Rockwall Heath C69,32.9361,-96.4592,ROCKWALL,['OZONE']
484011082,C1082,32.277911,-94.57087,RUSK,
484392003,Keller C17,32.922498,-97.282088,TARRANT,['OZONE']
484491078,Cookville FM 4855,33.0752,-94.8474,TITUS,
484530020,Audubon C38,30.483168,-97.8723,TRAVIS,['OZONE']
484531619,East Austin C1619,30.250845,-97.721277,TRAVIS,['OZONE']
484690003,Victoria C87,28.8358,-97.0056,VICTORIA,['OZONE']
484790016,Laredo C44,27.517403,-99.515244,WEBB,['OZONE']
484790017,Laredo Bridge C66,27.5017,-99.5031,WEBB,
484790313,Laredo C313,27.5994,-99.5333,WEBB,['PM2.5']
484910690,Lake Georgetown C690,30.666508,-97.734592,WILLIAMSON,['OZONE']
484931038,Floresville C1038,29.130675,-98.14806,WILSON,
490050007,Smithfield,41.842778,-111.85194,CACHE,"['NO2', 'OZONE', 'PM2.5']"
490071003,P2,39.595798,-110.769997,CARBON,"['PM10', 'NO2', 'OZONE', 'PM2.5']"
490110004,BV,40.897999,-111.885498,DAVIS,"['NO2', 'OZONE', 'PM2.5']"
490130002,Roosevelt,40.2943,-110.009,DUCHESNE,"['PM10', 'NO2', 'OZONE', 'PM2.5']"
490137011,Myton,40.2169,-110.182297,DUCHESNE,"['NO2', 'OZONE']"
490210005,Enoch,37.747445,-113.055524,IRON,"['NO2', 'OZONE', 'PM2.5']"
490352005,Copper View,40.598056,-111.894167,SALT LAKE,"['NO2', 'CO', 'PM2.5', 'SO2', 'OZONE']"
490353006,Hawthorne,40.733501,-111.871696,SALT LAKE,"['NO2', 'CO', 'PM2.5', 'PM10', 'SO2', 'OZONE']"
490353010,Rose Park,40.7955,-111.9309,SALT LAKE,"['NO2', 'CO', 'PM2.5', 'SO2', 'OZONE']"
490353013,Herriman #3,40.496408,-112.036305,SALT LAKE,"['PM10', 'NO2', 'OZONE', 'PM2.5']"
490353014,Lake Park,40.709867,-112.008664,SALT LAKE,"['NO2', 'OZONE', 'PM2.5']"
490353015,Utah Tech. Center,40.7771,-111.945,SALT LAKE,"['NO2', 'CO', 'PM2.5', 'PM10', 'SO2', 'OZONE']"
490353016,Prison Site,40.807897,-112.087717,SALT LAKE,"['NO2', 'OZONE', 'PM2.5']"
490354002,NR,40.662841,-111.901796,SALT LAKE,"['CO', 'NO2', 'OZONE', 'PM2.5']"
490370101,Canyonlands NP,38.4583,-109.8211,SAN JUAN,['OZONE']
490450004,Erda,40.600556,-112.355,TOOELE,"['NO2', 'OZONE', 'PM2.5']"
490471004,Vernal #4,40.464722,-109.56083,UINTAH,"['NO2', 'OZONE', 'PM2.5']"
490472002,Redwash,40.204433,-109.35321,UINTAH,"['NO2', 'OZONE']"
490472003,Ouray,40.054848,-109.68737,UINTAH,"['NO2', 'OZONE']"
490477022,Whiterocks,40.483799,-109.906197,UINTAH,"['NO2', 'OZONE']"
490494001,Lindon,40.3414,-111.7136,UTAH,"['NO2', 'CO', 'PM2.5', 'PM10', 'OZONE']"
490495010,Spanish Fork,40.136398,-111.660202,UTAH,"['NO2', 'OZONE', 'PM2.5']"
490530007,Hurricane,37.179,-113.3052,WASHINGTON,"['NO2', 'OZONE', 'PM2.5']"
490530130,Zion NP,37.1983,-113.1506,WASHINGTON,['OZONE']
490571003,Harrisville,41.302799,-111.988297,WEBER,"['NO2', 'CO', 'PM2.5', 'PM10', 'OZONE']"
500030004,Bennington,42.887501,-73.249702,BENNINGTON,"['PM10', 'OZONE', 'PM2.5']"
500070007,Underhill,44.528389,-72.868973,CHITTENDEN,"['CO', 'PM2.5', 'PM10', 'SO2', 'OZONE']"
500210002,Rutland,43.608528,-72.98246,RUTLAND,"['NO2', 'CO', 'PM2.5', 'PM10', 'SO2', 'OZONE']"
510030001,Albemarle HS,38.07657,-78.50397,ALBEMARLE,"['OZONE', 'PM2.5']"
510130020,AURORA HILLS,38.8577,-77.05922,ARLINGTON,"['CO', 'NO2', 'OZONE']"
510330001,CORBIN,38.20087,-77.37742,CAROLINE,['OZONE']
510360002,SHIRLEY PLANTATION,37.34438,-77.25925,CHARLES CITY,"['NO2', 'OZONE', 'PM2.5', 'SO2']"
510410004,BEACH ROAD,37.35748,-77.59355,CHESTERFIELD,['OZONE']
510590030,FRANCONIA,38.77335,-77.10468,FAIRFAX,"['PM10', 'OZONE', 'PM2.5', 'SO2']"
510610002,SUMERDUCK,38.47367,-77.76772,FAUQUIER,['OZONE']
510719992,Blue Grass Trail,37.3232,-80.4572,GILES,['OZONE']
510850003,HANOVER,37.60613,-77.2188,HANOVER,['OZONE']
510870014,MATH & SCIENCE CTR,37.55652,-77.40027,HENRICO,"['NO2', 'CO', 'PM2.5', 'PM10', 'SO2', 'OZONE']"
511071005,ASHBURN,39.02473,-77.48925,LOUDOUN,"['NO2', 'OZONE']"
511130003,Shenandoah NP,38.5231,-78.4347,MADISON,"['OZONE', 'PM2.5']"
511479991,Prince Edward,37.17,-78.31,PRINCE EDWARD,['OZONE']
511530009,JAMES S. LONG PARK,38.85287,-77.63462,PRINCE WILLIAM,"['NO2', 'OZONE']"
511630003,NATBRIDGE,37.62668,-79.5126,ROCKBRIDGE,['OZONE']
511650003,Rockingham,38.47753,-78.81952,ROCKINGHAM,"['NO2', 'OZONE', 'SO2']"
511790001,WIDEWATER,38.48123,-77.3704,STAFFORD,['OZONE']
511970002,RURAL RETREAT,36.89117,-81.25423,WYTHE,['OZONE']
516500008,HAMPTON,37.10373,-76.38702,HAMPTON,"['NO2', 'CO', 'PM2.5', 'PM10', 'SO2', 'OZONE']"
517100024,NORFOLK - NOAA,36.85555,-76.30135,NORFOLK,"['NO2', 'CO', 'SO2']"
530010003,Ritzville-Alder St ,47.127998,-118.381897,ADAMS,['PM2.5']
530030004,Clarkston-13th St,46.425598,-117.059799,ASOTIN,['PM2.5']
530050002,Kennewick-Metaline,46.2183,-119.2015,BENTON,"['PM10', 'PM2.5']"
530050004,Prosser-Highland Dr,46.2089,-119.75267,BENTON,['PM2.5']
530070007,Chelan-Woodin Ave,47.83861,-120.02306,CHELAN,['PM2.5']
530070010,Leavenworth-Evans St,47.5988,-120.6647,CHELAN,['PM2.5']
530070011,Wenatchee-Fifth St,47.43061,-120.34195,CHELAN,['PM2.5']
530090013,Cheeka Peak,48.2867,-124.6203,CLALLAM,"['OZONE', 'CO', 'PM2.5', 'SO2']"
530110022,Yacolt-Yacolt Rd,45.863899,-122.410889,CLARK,['PM2.5']
530130002,Dayton-W Main,46.318,-117.985,COLUMBIA,['PM2.5']
530139991,Umatilla,46.2026,-117.9539,COLUMBIA,['OZONE']
530150015,Longview-30th Ave,46.1394,-122.9619,COWLITZ,['PM2.5']
530230001,Pomeroy-Pataha St,46.474438,-117.614764,GARFIELD,['PM2.5']
530250003,Soap Lake,47.385564,-119.489855,GRANT,['PM2.5']
530251002,Moses Lake-Balsam St,47.1303,-119.2726,GRANT,['PM2.5']
530251003,Quincy 3rd,47.24126,-119.84595,GRANT,['PM2.5']
530272002,Aberdeen-Division St,46.9772,-123.8317,GRAYS HARBOR,['PM2.5']
530330023,Enumclaw Mud Mt (SO),47.141102,-121.937897,KING,"['OZONE', 'PM2.5']"
530330031,Bellevue-SE 12th,47.600863,-122.148397,KING,['PM2.5']
530330047,Auburn 29th St,47.2814,-122.2233,KING,['PM2.5']
530330057,Seattle-Duwamish,47.559975,-122.338265,KING,['PM2.5']
530330069,Tukwila_Allentown,47.498535,-122.278385,KING,['PM2.5']
530330080,Seattle-Beacon Hill,47.568236,-122.308628,KING,"['NO2', 'CO', 'PM2.5', 'SO2', 'OZONE']"
530331011,Seattle-South Park,47.5297,-122.3203,KING,['PM2.5']
530332004,Kent-James & Central,47.386101,-122.230202,KING,['PM2.5']
530350007,Bremerton-Spruce Ave,47.592675,-122.627397,KITSAP,['PM2.5']
530370002,Ellensburg-Ruby St,46.9936,-120.545,CHELAN,['PM2.5']
530410004,Chehalis-Market Blvd,46.664089,-122.967323,LEWIS,['PM2.5']
530450007,Shelton-W Franklin,47.213551,-123.100807,MASON,['PM2.5']
530470010,Winthrop-Chewuch Rd,48.4772,-120.1906,OKANOGAN,['PM2.5']
530470013,Omak-Colville Tribe,48.39999,-119.518959,OKANOGAN,['PM2.5']
530470016,Twisp-Ewell St,48.354124,-120.105116,OKANOGAN,['PM2.5']
530530024,Tacoma-S 36th St,47.22634,-122.46256,PIERCE,"['NO2', 'PM2.5']"
530530029,Tacoma-L St,47.1864,-122.4517,PIERCE,['PM2.5']
530530031,Tacoma-Alexander Ave,47.2656,-122.3858,PIERCE,['PM2.5']
530570015,Mt Vernon-S 2nd St,48.410198,-122.337601,SKAGIT,['PM2.5']
530610020,Darrington-Fir St,48.246799,-121.603104,SNOHOMISH,['PM2.5']
530611007,Marysville-7th Ave,48.054315,-122.171529,SNOHOMISH,['PM2.5']
530630001,Cheney-Turnbull (SO),47.416401,-117.5298,SPOKANE,"['PM10', 'OZONE', 'PM2.5']"
530630021,Spokane-Augusta Ave,47.672501,-117.364899,SPOKANE,"['PM10', 'PM2.5']"
530630047,Spokane-Monroe St.,47.6997,-117.4263,SPOKANE,['PM2.5']
530639995,Colbert-Greenbluff,47.808226,-117.34327,SPOKANE,['PM2.5']
530650005,Colville-E 1st St,48.54469,-117.903222,STEVENS,"['PM10', 'PM2.5']"
530670013,Lacey-College St,47.029301,-122.821503,THURSTON,"['OZONE', 'PM2.5']"
530710005,Walla Walla-12th St,46.0588,-118.3514,WALLA WALLA,['PM2.5']
530710006,Burbank-Maple Street,46.2001,-119.0084,WALLA WALLA,"['PM10', 'PM2.5']"
530730019,Bellingham Pacific,48.760036,-122.456463,WHATCOM,['PM2.5']
530750003,Pullman-Dexter Ave,46.7245,-117.1801,WHITMAN,['PM2.5']
530750005,Lacrosse-Hill St,46.8153,-117.8739,WHITMAN,['PM2.5']
530750006,Rosalia-Josephine St,47.2313,-117.3685,WHITMAN,['PM2.5']
530770005,Sunnyside-S 16th,46.32033,-119.9981,YAKIMA,['PM2.5']
530770009,Yakima-4th Ave,46.594952,-120.512283,YAKIMA,"['PM10', 'PM2.5']"
540030003,MARTINSBURG,39.465599,-77.958298,BERKELEY,['OZONE']
540110006,HUNTINGTON,38.425301,-82.425301,CABELL,['OZONE']
540250003,GREENBRIER COUNTY,37.9081,-80.632797,GREENBRIER,['OZONE']
540290007,WEIRTON,40.46012,-80.57678,HANCOCK,['OZONE']
540390010,CHARLESTON,38.345798,-81.628304,KANAWHA,"['OZONE', 'PM2.5']"
540511002,MOUNDSVILLE,39.9158,-80.7342,MARSHALL,['PM2.5']
540610003,MORGANTOWN,39.648899,-79.921097,MONONGALIA,['OZONE']
540690010,WHEELING,40.1147,-80.700798,OHIO,['OZONE']
540939991,Parsons,39.0905,-79.6617,TUCKER,['OZONE']
541071002,VIENNA,39.325001,-81.5522,WOOD,['OZONE']
550090005,GREEN BAY E HIGH,44.5167,-87.9939,BROWN,"['PM2.5', 'SO2']"
550090026,GREEN BAY UW,44.53,-87.9089,BROWN,['OZONE']
550210015,COLUMBUS,43.3144,-89.1089,COLUMBIA,['OZONE']
550250041,MADISON EAST,43.1008,-89.3572,DANE,"['OZONE', 'PM2.5', 'SO2']"
550290004,NEWPORT,45.2378,-86.9936,DOOR,['OZONE']
550350014,Eau Claire,44.761398,-91.413002,EAU CLAIRE,"['PM10', 'OZONE', 'PM2.5']"
550390006,FOND DU LAC,43.6878,-88.4219,FOND DU LAC,['OZONE']
550410007,POTAWATOMI,45.5639,-88.81,FOREST,"['OZONE', 'PM2.5', 'SO2']"
550430009,Potosi,42.692131,-90.696373,GRANT,['PM2.5']
550550009,Jefferson-Laatsch,43.0034,-88.8283,JEFFERSON,['OZONE']
550590019,CHIWAUKEE,42.5047,-87.8111,KENOSHA,"['OZONE', 'PM2.5']"
550590025,Kenosha-Water Tower,42.596,-87.886,KENOSHA,['OZONE']
550610002,KEWAUNEE,44.4428,-87.5061,KEWAUNEE,['OZONE']
550630012,LACROSSE DOT,43.7781,-91.225,LA CROSSE,"['OZONE', 'PM2.5']"
550710007,MANITOWOC,44.1386,-87.6161,MANITOWOC,['OZONE']
550730012,LAKE DUBAY,44.7072,-89.7697,MARATHON,['OZONE']
550790010,MILWAUKEE 16TH ST,43.0178,-87.9333,MILWAUKEE,"['OZONE', 'PM2.5']"
550790068,Milwaukee-UWM UPark,43.09455,-87.90145,MILWAUKEE,"['NO2', 'OZONE', 'SO2']"
550790085,BAYSIDE,43.1811,-87.9006,MILWAUKEE,['OZONE']
550850996,RHINELANDER,45.6453,-89.4125,ONEIDA,['SO2']
550870009,APPLETON AAL,44.3069,-88.3956,OUTAGAMIE,"['OZONE', 'PM2.5']"
550870015,Kaukauna,44.2893,-88.25219,OUTAGAMIE,['SO2']
550890008,GRAFTON,43.3431,-87.9208,OZAUKEE,['OZONE']
550890009,HARRINGTON BCH,43.4981,-87.81,OZAUKEE,"['OZONE', 'PM2.5']"
551050030,Beloit-Converse,42.51831,-89.06347,ROCK,['OZONE']
551110007,Devils Lake,43.4356,-89.6803,SAUK,"['PM10', 'OZONE', 'PM2.5']"
551170006,SHEBOYGAN,43.665,-87.7161,SHEBOYGAN,['OZONE']
551170009,Sheboygan-Haven,43.81523,-87.79194,SHEBOYGAN,['OZONE']
551198001,PERKINSTOWN,45.2039,-90.6,TAYLOR,['PM2.5']
551199991,Perkinstown,45.2066,-90.5969,TAYLOR,['OZONE']
551250001,TROUT LAKE,46.0481,-89.6536,VILAS,"['OZONE', 'PM2.5']"
551270006,Elkhorn,42.66218,-88.48703,WALWORTH,['OZONE']
560010006,Laramie SLAMS,41.311586,-105.591725,ALBANY,['PM2.5']
560019991,Centennial,41.3642,-106.2399,ALBANY,['OZONE']
560030002,Basin,44.28,-108.041107,BIG HORN,['OZONE']
560050123,Thunder Basin,44.6633,-105.287498,CAMPBELL,"['NO2', 'OZONE']"
560051002,Gillette SLAMS,44.288005,-105.517022,CAMPBELL,['PM2.5']
560130004,Riverton Mobile,43.02421,-108.3637,,"['NO2', 'PM2.5', 'PM10', 'SO2', 'OZONE']"
560130099,South Pass,42.5275,-108.7203,FREMONT,"['NO2', 'OZONE', 'PM2.5']"
560131003,Lander SLAMS,42.842227,-108.735562,FREMONT,['PM2.5']
560150006,Yoder,41.918225,-104.295324,GOSHEN,"['PM10', 'PM2.5']"
560190004,Johnson County,43.87483,-106.50974,JOHNSON,"['PM10', 'NO2', 'OZONE']"
560210100,Cheyenne NCore,41.18222,-104.778336,LARAMIE,"['NO2', 'CO', 'PM2.5', 'PM10', 'SO2', 'OZONE']"
560230004,Kemmerer Mobile,41.783083,-110.537888,,"['NO2', 'PM2.5', 'PM10', 'SO2', 'OZONE']"
560250100,Casper Gaseous,42.82231,-106.36501,NATRONA,"['NO2', 'OZONE', 'PM2.5']"
560290001,Cody SLAMS,44.524642,-109.068507,PARK,['PM2.5']
560330002,Sheridan PD,44.815142,-106.955933,SHERIDAN,"['PM10', 'PM2.5']"
560330004,Sheridan,44.933998,-106.847198,SHERIDAN,['OZONE']
560350099,Boulder,42.7186,-109.7531,SUBLETTE,"['PM10', 'NO2', 'OZONE']"
560350100,Daniel South,42.7914,-110.0547,SUBLETTE,"['PM10', 'NO2', 'OZONE']"
560350101,Pinedale Gaseous,42.8698,-109.8708,SUBLETTE,"['NO2', 'OZONE', 'PM2.5']"
560350700,Big Piney,42.486668,-110.099167,SUBLETTE,"['NO2', 'OZONE']"
560351002,Juel Spring,42.373001,-109.563004,SUBLETTE,"['NO2', 'OZONE']"
560359991,Pinedale,42.9288,-109.788,SUBLETTE,['OZONE']
560370007,Rock Springs SLAMS,41.592591,-109.220125,SWEETWATER,['PM2.5']
560370200,Wamsutter,41.6778,-108.0242,SWEETWATER,"['PM10', 'NO2', 'OZONE']"
560370300,Moxa Arch,41.750599,-109.789703,SWEETWATER,"['PM10', 'NO2', 'OZONE', 'SO2']"
560391006,Jackson SLAMS,43.457764,-110.797994,TETON,"['PM10', 'PM2.5']"
560391011,Yellowstone NP,44.5597,-110.4006,TETON,['OZONE']
560450003,NewCastle,43.881401,-104.191902,WESTON,['OZONE']
800260006,Nogales ITN,31.291294,-110.951508,SONORA,"['PM10', 'OZONE', 'PM2.5']"
MM0070182,Cle Elum Mobile,47.197448,-120.958335,,['PM2.5']
MM0079990,Cashmere Mobile,47.519989,-120.473349,,['PM2.5']
MM0479990,Brewster Mobile,48.09868,-119.7796,,['PM2.5']
MMMT10001,Dillon,45.206448,-112.642518,,['PM2.5']
MMMT10006,Cut Bank,48.607406,-112.363842,,['PM2.5']
TT1820003,Kamiah,46.2094,-116.0275,,['PM2.5']
TT1820013,Lapwai,46.3972,-116.8062,,['PM2.5']
TT5950010,Salton Sea Beach,33.37911,-116.016056,,"['PM10', 'PM2.5']"
TT5980500,Indio-29 Palms,33.71969,-116.1897,,"['PM10', 'OZONE', 'PM2.5']"
TT9209004,Miami,36.922222,-94.83889,,"['OZONE', 'PM2.5']"